study_ID,short_cite,long_cite,title,authors,publication_year,doi,peer_reviewed,coder,expt_unique,expt_condition,same_sample,task_type,participant_design,native_language,native_language_specification,group_name_1,group_name_2,n_1,n_2,n_1_M,n_2_M,n_1_F,n_2_F,mean_age_1,mean_age_2,sd_age_1,sd_age_2,mean_education_1,mean_education_2,sd_education_1,sd_education_2,mean_total_task_duration_1,mean_total_task_duration_2,sd_total_task_duration_1,sd_total_task_duration_2,feature,unit,x_1,x_2,SD_1,SD_2
Pinheiro2016,Pinheiro et al. (2016),"Pinheiro, A.P., Rezaii, N., Rauber, A., Niznikiewicz, M., 2016. Is this my voice or yours? The role of emotion and acoustic quality in self-other voice discrimination in schizophrenia. Cogn. Neuropsychiatry 21, 335–353.",Is this my voice or yours? The role of emotion and acoustic quality in self-other voice discrimination in schizophrenia,"Pinheiro, A.P., Rezaii, N., Rauber, A., Niznikiewicz, M.",2016,https://doi.org/10.1080/13546805.2016.1208611,yes,"LNJ, ND",Pinheiro et al. (2016),NA,A,constrained_production,between,English,American English,SZ,HC,17,18,12,13,5,5,48.29,49.53,8.49,4.4800000000000004,13.69,15.06,2.33,1.91,NR,NR,NR,NR,speech_duration,Mean words duration (ms),666.416666666667,625.496666666667,64.4666666666667,62.1133333333333
Rapcan2010,Rapcan et al. (2010),"Rapcan, V., D’Arcy, S., Yeap, S., Afzal, N., Thakore, J., & Reilly, R. B. (2010). Acoustic and temporal analysis of speech: A potential biomarker for schizophrenia. Medical engineering & physics, 32(9), 1074-1079.",Acoustic and temporal analysis of speech: A potential biomarker for schizophrenia.,"Rapcan, V., D’Arcy, S., Yeap, S., Afzal, N., Thakore, J., & Reilly, R. B.",2010,https://doi.org/10.1016/j.medengphy.2010.07.013,yes,"LNJ, ND",Rapcan et al. (2010),NA,F,constrained_production,between,English,Irish English,SZ,HC,39,18,27,8,12,10,42.3,40.5,13.5,12.9,NR,NR,NR,NR,222.15,194.58,42.8,30.64,speech_duration,Mean utterance duration (ms),2690,3020,630,480
Cohen2017,Cohen et al. (2017),"Cohen, A. S., Mitchell, K. R., Strauss, G. P., Blanchard, J. J., Buchanan, R. W., Kelly, D. L., ... & Carpenter, W. T. (2017). The effects of oxytocin and galantamine on objectively-defined vocal and facial expression: Data from the CIDAR study. Schizophrenia research, 188, 141.","The effects of oxytocin and galantamine on
objectively-defined vocal and facial expression: Data from the CIDAR study.
","Cohen, A. S., Mitchell, K. R., Strauss, G. P., Blanchard, J. J., Buchanan, R. W., Kelly, D. L., ... & Carpenter, W. T.",2017,https://doi.org/10.1016/j.schres.2017.01.028,yes,"LNJ, ND",Cohen et al. (2017),NA,L,social_interaction,between,English,American English,SZ,HC,40,NA,NA,NA,NA,NA,NA,NA,NA,NA,NA,NA,NA,NA,NA,NA,NA,NA,speech_duration,average voiceless epoch bounded by speech N150 ms in LENGTH,2477.29666666667,NA,1280.72333333333,NA
Pinheiro2017,Pinheiro et al. (2017),"Pinheiro, A. P., Rezaii, N., Rauber, A., Nestor, P. G., Spencer, K. M., & Niznikiewicz, M. (2017). Emotional self–other voice processing in schizophrenia and its relationship with hallucinations: ERP evidence. Psychophysiology, 54(9), 1252-1265.",Emotional self-other voice processing in schizophrenia and its relationship with hallucinations: ERP evidence.,"Pinheiro AP, Rezaii N, Rauber A, Nestor PG, Spencer KM, Niznikiewicz M.",2017,https://doi.org/10.1111/psyp.12880,yes,"LNJ, ND",Pinheiro et al. (2017),NA,V,constrained_production,between,English,American English,SZ,HC,15,16,11,11,4,5,47.4,48.63,8.48,5.08,13.86,15.31,2.35,1.74,NA,NA,NA,NA,speech_duration,Mean words duration (ms),666.416666666667,613.39,74.44,51.38
Kliper2015,Kliper et al. (2015),"Kliper, R., Portuguese, S., & Weinshall, D. (2015, September). Prosodic analysis of speech and the underlying mental state. In International Symposium on Pervasive Computing Paradigms for Mental Health (pp. 52-62). Springer, Cham.",Prosodic Analysis of Speech and the Underlying Mental State.,"Kliper, R., Portuguese, S., & Weinshall, D.",2015,https://doi.org/10.1007/978-3-319-32270-4_6,NA,"LNJ, ND",Kliper et al. (2015),NA,AO,social_interaction,between,English,American English,SZ,HC,22,20,13,10,9,10,NA,NA,NA,NA,NA,NA,NA,NA,"57,13 minutes","48,46 minutes",NA,NA,speech_duration,Utterance duration is ms,1260,1350,50,70
Cohen2008,Cohen et al. (2008),"Cohen, A. S., Alpert, M., Nienow, T. M., Dinzeo, T. J., & Docherty, N. M. (2008). Computerized measurement of negative symptoms in schizophrenia. Journal of psychiatric research, 42(10), 827-836.",Computerized measurement of negative symptoms in schizophrenia.,"Cohen, A. S., Alpert, M., Nienow, T. M., Dinzeo, T. J., & Docherty, N. M.",2008,https://doi.org/10.1016/j.jpsychires.2007.08.008,yes,"LNJ, ND",Cohen et al. (2008),NA,K,free_monological_production,between,English,American English,SZ,HC,60,19,44,13,16,6,41.547666666666672,38.32,8.2149999999999999,10.97,12.001333333333333,14.21,1.8916666666666668,1.44,NA,NA,NA,NA,speech_rate,mean number of words/s,2.113,2.31,0.551,0.59
Alpert2000,Alpert et al. (2000),"Alpert, M., Rosenberg, S. D., Pouget, E. R., & Shaw, R. J. (2000). Prosody and lexical accuracy in flat affect schizophrenia. Psychiatry research, 97(2-3), 107-118.",Prosody and lexical accuracy in flat affect schizophrenia.,"Alpert, M., Rosenberg, S. D., Pouget, E. R., & Shaw, R. J.",2000,https://doi.org/10.1016/S0165-1781(00)00231-6,yes,"LNJ, ND",Alpert et al. (2000),NA,P,social_interaction,between,English,American English,SZ,HC,46,20,46,20,0,0,40.986956521739131,41.1,9.4013043478260876,13.58,12.708695652173912,13.1,2.2913043478260868,1.89,300,300,NA,NA,speech_rate,NA,1.66304347826087,2.54366666666667,0.609668115942029,1.29576666666667
Alpert1994,Alpert et al. (1994),"Alpert, M., Clark, A., & Pouget, E. R. (1994). The syntactic role of pauses in the speech of schizophrenic patients with alogia. Journal of Abnormal Psychology, 103(4), 750.",The syntactic role of pauses in the speech of schizophrenic patients with alogia.,"Alpert, M., Clark, A., & Pouget, E. R.",1994,https://doi.org/10.1037/0021-843X.103.4.750,yes,"LNJ, ND",Alpert et al. (1994),NA,T,social_interaction,between,English,American English,SZ,HC,17,NA,17,NA,0,NA,39,NA,9.4,NA,11,NA,1.3,NA,NA,NA,NA,NA,speech_rate,words rate per minute,1.73166666666667,NA,0.534166666666667,NA
Mandal1990,Mandal et al. (1990),"Mandal, M. K., Srivastava, P., & Singh, S. K. (1990). Paralinguistic characteristics of speech in schizophrenics and depressives. Journal of psychiatric research, 24(2), 191-196.",Paralinguistic characteristics of speech in schizophrenics and depressives.,"Mandal, M. K., Srivastava, P., & Singh, S. K.",1990,https://doi.org/10.1016/0022-3956(90)90059-Y,yes,"LNJ, ND",Mandal et al. (1990),NA,X,free_monological_production,between,Hindi,Hindi,SZ,HC,40,60,22,33,18,27,27.38,26.1,6.25,7.01,15,20.100000000000001,NR,NR,120,120,NA,NA,speech_rate,words/sec,0.277738095238095,0.374285714285714,0.0264285714285714,0.0315119047619048
Tavano2008,Tavano et al. (2008),"Tavano, A., Sponda, S., Fabbro, F., Perlini, C., Rambaldelli, G., Ferro, A., ... & Brambilla, P. (2008). Specific linguistic and pragmatic deficits in Italian patients with schizophrenia. Schizophrenia Research, 102(1-3), 53-62.",Specific linguistic and pragmatic deficits in Italian patients with schizophrenia,"Tavano, A., Sponda, S., Fabbro, F., Perlini, C., Rambaldelli, G., Ferro, A., ... & Brambilla, P.",2008,https://doi.org/10.1016/j.schres.2008.02.008,yes,"LNJ, ND",Tavano et al. (2008),narrative,Y,free_monological_production,between,Italian,Italian,SZ,HC,37,37,11,16,26,21,39.729999999999997,38.159999999999997,13.05,11.8,9.5675675675675684,13.054054054054054,3.2959616750446856,3.4233345175748182,NA,NA,NA,NA,speech_rate,speech fluency(words per sec),1.727,2.02333333333333,0.655833333333333,0.4595
Tavano2008,Tavano et al. (2008),"Tavano, A., Sponda, S., Fabbro, F., Perlini, C., Rambaldelli, G., Ferro, A., ... & Brambilla, P. (2008). Specific linguistic and pragmatic deficits in Italian patients with schizophrenia. Schizophrenia Research, 102(1-3), 53-62.",Specific linguistic and pragmatic deficits in Italian patients with schizophrenia,"Tavano, A., Sponda, S., Fabbro, F., Perlini, C., Rambaldelli, G., Ferro, A., ... & Brambilla, P.",2008,https://doi.org/10.1016/j.schres.2008.02.008,yes,"LNJ, ND",Tavano et al. (2008).1,conversational,Z,social_interaction,between,Italian,Italian,SZ,HC,21,21,8,8,13,13,38.1,37.1,13.32,11.93,9.8571428571428577,12.428571428571429,3.3058389901160394,3.501020259459072,NA,NA,NA,NA,speech_rate,speech fluency(words per sec),1.61416666666667,2.0375,0.310333333333333,0.271166666666667
Perlini2012,Perlini et al. (2012),"Perlini, C., Marini, A., Garzitto, M., Isola, M., Cerruti, S., Marinelli, V., ... & Bellani, M. (2012). Linguistic production and syntactic comprehension in schizophrenia and bipolar disorder. Acta Psychiatrica Scandinavica, 126(5), 363-376.","Linguistic production and syntactic
comprehension in schizophrenia and bipolar
disorde",Perlini et al .,2012,https://doi.org/10.1111/j.1600-0447.2012.01864.x,yes,"LNJ, ND",Perlini et al. (2012),NA,AA,free_monological_production,between,Italian,Italian,SZ,HC,30,30,24,17,6,13,39.700000000000003,38.53,10.88,12.71,10.27,12.13,2.61,3.27,NA,NA,NA,NA,speech_rate,speech fluency(words per sec),1.92533333333333,2.25483333333333,0.474833333333333,0.46345
Rutter1977,Rutter et al. (1977),"Rutter, D. R. (1977). Speech patterning in recently admitted and chronic long‐stay schizophrenic patients. British Journal of Social and Clinical Psychology, 16(1), 47-55.",Speech patterning in recently admitted and chronic long‐stay schizophrenic patients.,"Rutter, D. R.",1977,https://doi.org/10.1111/j.2044-8260.1977.tb01002.x,yes,"LNJ, ND",Rutter et al. (1977),normal_partner condition,AB,social_interaction,between,NA,NA,SZ,HC,12,12,6,6,6,6,NR,NR,NR,NR,NR,NR,NR,NR,NA,NA,NA,NA,speech_rate,words/sec,3.1,2.7,0.6,0.4
Rutter1977,Rutter et al. (1977),"Rutter, D. R. (1977). Speech patterning in recently admitted and chronic long‐stay schizophrenic patients. British Journal of Social and Clinical Psychology, 16(1), 47-55.",Speech patterning in recently admitted and chronic long‐stay schizophrenic patients.,"Rutter, D. R.",1977,https://doi.org/10.1111/j.2044-8260.1977.tb01002.x,yes,"LNJ, ND",Rutter et al. (1977).1,patient_partner condition,AB,social_interaction,between,NA,NA,SZ,HC,12,12,6,6,6,6,NR,NR,NR,NR,NR,NR,NR,NR,600,NA,NA,NA,speech_rate,words/sec,3.2,2.8,0.7,0.6
Rutter1977,Rutter et al. (1977),"Rutter, D. R. (1977). Speech patterning in recently admitted and chronic long‐stay schizophrenic patients. British Journal of Social and Clinical Psychology, 16(1), 47-55.",Speech patterning in recently admitted and chronic long‐stay schizophrenic patients.,"Rutter, D. R.",1977,https://doi.org/10.1111/j.2044-8260.1977.tb01002.x,yes,"LNJ, ND",Rutter et al. (1977).2,Study_2,AC,social_interaction,between,NA,NA,SZ,HC,22,NA,18,NA,4,NA,NR,NR,NR,NR,NR,NR,NR,NR,NA,NA,NA,NA,speech_rate,words/sec,3,NA,0.7,NA
St-Hilaire2008,St-Hilaire et al. (2008),"St-Hilaire, A., Cohen, A. S., & Docherty, N. M. (2008). Emotion word use in the conversational speech of schizophrenia patients. Cognitive neuropsychiatry, 13(4), 343-356.",Emotion word use in the conversational speech of schizophrenia patients.,"St-Hilaire, A., Cohen, A. S., & Docherty, N. M",2008,https://doi.org/10.1080/13546800802250560,yes,"LNJ, ND",St-Hilaire et al. (2008),NA,AD,social_interaction,between,English,American English,SZ,HC,48,48,31,26,17,22,34,37,8.9,6.9,12.3,14.4,1.6,1.7,600,600,NA,NA,speech_rate,words/s,1.69166666666667,2.33166666666667,0.713333333333333,0.685
Docherty2012,Docherty et al. (2012),"Docherty, N. M. (2012). Missing referents, psychotic symptoms, and discriminating the internal from the externalized. Journal of abnormal psychology, 121(2), 416.","Missing referents, psychotic symptoms, and discriminating the internal from the externalized.","Docherty, N. M.",2012,https://doi.org/10.1037/a0026348,yes,"LNJ, ND",Docherty et al. (2012),NA,AF,social_interaction,between,English,American English,SZ,HC,53,23,32,12,21,11,39.729999999999997,38,8.7899999999999991,9,11.74,15,1.9,2,600,600,NA,NA,speech_rate,words/s,2.15,2.21333333333333,0.581666666666667,0.431666666666667
Wan2008,Wan et al. (2008),"Wan, M. W., Penketh, V., Salmon, M. P., & Abel, K. M. (2008). Content and style of speech from mothers with schizophrenia towards their infants. Psychiatry Research, 159(1-2), 109-114.",Content and style of speech from mothers with schizophrenia towards their infants.,"Wan, M. W., Penketh, V., Salmon, M. P., & Abel, K. M.",2008,https://doi.org/10.1016/j.psychres.2007.05.012,yes,"LNJ, ND",Wan et al. (2008),NA,AG,social_interaction,between,English,British English,SZ,HC,15,NA,0,NA,14,NA,28.36,NA,6.22,NA,NA,NA,NA,NA,300,NA,NA,NA,speech_rate,words/s,1.156,NA,0.140533333333333,NA
Rochester1977,Rochester et al. (1977),"Rochester, S. R., Thurston, S., & Rupp, J. (1977). Hesitations as clues to failures in coherence: A study of the thought-disordered speaker. Sentence Production: Developments in theory and research.",Hesitations as clues to failures in coherence: A study of the thought-disordered speaker.,"Rochester, S. R., Thurston, S., & Rupp, J.",1977,NA,NA,"LNJ, ND",Rochester et al. (1977),NA,AH,social_interaction,between,English,English,SZ,HC,40,20,NR,NA,NR,NA,25.55,29.9,7.15,10.9,11.55,15,2.6,2.1,180,180,NA,NA,speech_rate,words/s,2.6,NA,0.627777777777778,NA
Salomè2002,Salomè et al. (2002),"Salomé, F., Boyer, P., & Fayol, M. (2002). Written but not oral verbal production is preserved in young schizophrenic patients. Psychiatry research, 111(2-3), 137-145.","Written but not oral verbal production is preserved in young schizophrenic patients. Psychiatry research, 111(2), 137-145.","Salomé, F., Boyer, P., & Fayol, M.",2002,https://doi.org/10.1016/S0165-1781(02)00142-7,yes,"LNJ, ND",Salomè et al. (2002),NA,AL,free_monological_production,between,French,French,SZ,HC,10,10,9,9,1,1,24.2,21,3.1,1.6,12.9,13.2,0.8,1.1000000000000001,52.9,34.200000000000003,NA,NA,speech_rate,words/s,1.4,1.9,0.5,0.29
Bernardini2016,Bernardini et al. (2016),"Bernardini, F., Lunden, A., Covington, M., Broussard, B., Halpern, B., Alolayan, Y., ... & Attademo, L. (2016). Associations of acoustically measured tongue/jaw movements and portion of time speaking with negative symptom severity in patients with schizophrenia in Italy and the United States. Psychiatry Research, 239, 253-258.","Associations of acoustically measured tongue jaw movements and
portion of time speaking with negative symptom severity in patients
with schizophrenia in Italy and the United States","Bernardini F, Lunden A, Covington M, Broussard B, Halpern B, Alolayan Y, Crisafio A, Pauselli L, Balducci PM, Capulong L, Attademo L, Lucarini E, Salierno G, Natalicchi L, Quartesan R, Compton MT",2016,https://doi.org/10.1016/j.psychres.2016.03.037,yes,"LNJ, ND",Bernardini et al. (2016),_1_it,C,free_monological_production,between,Italian,Italian,SZ,HC,20,NA,13,NA,7,NA,35.4,NA,11.2,NA,12.6,NA,3.8,NA,240,NA,NA,NA,speech_percentage,NA,56,NA,12,NA
Bernardini2016,Bernardini et al. (2016),"Bernardini, F., Lunden, A., Covington, M., Broussard, B., Halpern, B., Alolayan, Y., ... & Attademo, L. (2016). Associations of acoustically measured tongue/jaw movements and portion of time speaking with negative symptom severity in patients with schizophrenia in Italy and the United States. Psychiatry Research, 239, 253-258.","Associations of acoustically measured tongue jaw movements and
portion of time speaking with negative symptom severity in patients
with schizophrenia in Italy and the United States","Bernardini F, Lunden A, Covington M, Broussard B, Halpern B, Alolayan Y, Crisafio A, Pauselli L, Balducci PM, Capulong L, Attademo L, Lucarini E, Salierno G, Natalicchi L, Quartesan R, Compton MT",2016,https://doi.org/10.1016/j.psychres.2016.03.037,yes,"LNJ, ND",Bernardini et al. (2016).1,_2_us,C,free_monological_production,between,English,American English,SZ,HC,20,NA,13,NA,7,NA,33.6,NA,10.1,NA,12.2,NA,2.4,NA,NA,NA,NA,NA,speech_percentage,NA,42,NA,17,NA
Martínez2015,Martínez et al. (2015),"Martínez-Sánchez, F., Muela-Martínez, J. A., Cortés-Soto, P., Meilán, J. J. G., Ferrándiz, J. A. V., Caparrós, A. E., & Valverde, I. M. P. (2015). Can the acoustic analysis of expressive prosody discriminate schizophrenia?. The Spanish journal of psychology, 18.",Can the Acoustic Analysis of Expressive Prosody Discriminate Schizophrenia?,"Martínez-Sánchez F, Muela-Martínez JA, Cortés-Soto P, García Meilán JJ, Vera Ferrándiz JA, Egea Caparrós A, Pujante Valverde IM.",2015,https://doi.org/10.1017/sjp.2015.85,yes,"LNJ, ND",Martínez et al. (2015),NA,D,constrained_production,between,Spanish,Spanish,SZ,HC,45,35,32,22,13,13,39.49,35.340000000000003,10.89,10.48,10.4,11.6571,"2,63197
 
",3.3426200000000001,124.12,83.85,43.15,15.65,speech_percentage,Non-Pause rate % > 300 ms,62.36,71.42,10.69,5.98
Alpert2002,Alpert et al. (2002),"Alpert, M., Shaw, R. J., Pouget, E. R., & Lim, K. O. (2002). A comparison of clinical ratings with vocal acoustic measures of flat affect and alogia. Journal of Psychiatric Research, 36(5), 347-353.",A comparison of clinical ratings with vocal acoustic measures of flat affect and alogia.,"Alpert, M., Shaw, R. J., Pouget, E. R., & Lim, K. O.",2002,https://doi.org/10.1016/S0022-3956(02)00016-X,yes,"LNJ, ND",Alpert et al. (2002),NA,E,social_interaction,between,English,American English,SZ,HC,30,NA,30,NA,0,NA,42,NA,9,NA,NR,NA,NR,NA,NA,NA,NA,NA,speech_percentage,Percent time talking,63.9,NA,9.46,NA
Rapcan2010,Rapcan et al. (2010),"Rapcan, V., D’Arcy, S., Yeap, S., Afzal, N., Thakore, J., & Reilly, R. B. (2010). Acoustic and temporal analysis of speech: A potential biomarker for schizophrenia. Medical engineering & physics, 32(9), 1074-1079.",Acoustic and temporal analysis of speech: A potential biomarker for schizophrenia.,"Rapcan, V., D’Arcy, S., Yeap, S., Afzal, N., Thakore, J., & Reilly, R. B.",2010,https://doi.org/10.1016/j.medengphy.2010.07.013,yes,"LNJ, ND",Rapcan et al. (2010),NA,F,constrained_production,between,English,Irish English,SZ,HC,39,18,27,8,12,10,42.3,40.5,13.5,12.9,NR,NR,NR,NR,222.15,194.58,42.8,30.64,speech_percentage,(total length of utterenances (s)/total time recording ) * 100,81.0988017182907,84.2943776338781,16.1790639837215,13.0845924555453
Cannizzaro2005,Cannizzaro et al. (2005),"Cannizzaro, M. S., Cohen, H., Rappard, F., & Snyder, P. J. (2005). Bradyphrenia and bradykinesia both contribute to altered speech in schizophrenia: a quantitative acoustic study. Cognitive and behavioral neurology, 18(4), 206-210.",Bradyphrenia and bradykinesia both contribute to altered speech in schizophrenia: a quantitative acoustic study.,"Cannizzaro, M. S., Cohen, H., Rappard, F., & Snyder, P. J.",2005,https://doi.org/10.1097/01.wnn.0000185278.21352.e5,yes,"LNJ, ND",Cannizzaro et al. (2005),_a_rote_speech_confition,G,constrained_production,between,German,German,SZ,HC,13,6,9,4,4,2,NR,NR,NR,NR,NR,NR,NR,NR,NA,NA,NA,NA,speech_percentage,% non-pause,82.02,80.58,3.18,4.5
Cannizzaro2005,Cannizzaro et al. (2005),"Cannizzaro, M. S., Cohen, H., Rappard, F., & Snyder, P. J. (2005). Bradyphrenia and bradykinesia both contribute to altered speech in schizophrenia: a quantitative acoustic study. Cognitive and behavioral neurology, 18(4), 206-210.",Bradyphrenia and bradykinesia both contribute to altered speech in schizophrenia: a quantitative acoustic study.,"Cannizzaro, M. S., Cohen, H., Rappard, F., & Snyder, P. J.",2005,https://doi.org/10.1097/01.wnn.0000185278.21352.e5,yes,"LNJ, ND",Cannizzaro et al. (2005).1,_b_free_speech condition,G,free_monological_production,between,German,German,SZ,HC,13,6,9,4,4,2,NR,NR,NR,NR,NR,NR,NR,NR,90,90,NA,NA,speech_percentage,% non-pause,67.46,81.81,11.1,3.89
Alpert2000,Alpert et al. (2000),"Alpert, M., Rosenberg, S. D., Pouget, E. R., & Shaw, R. J. (2000). Prosody and lexical accuracy in flat affect schizophrenia. Psychiatry research, 97(2-3), 107-118.",Prosody and lexical accuracy in flat affect schizophrenia.,"Alpert, M., Rosenberg, S. D., Pouget, E. R., & Shaw, R. J.",2000,https://doi.org/10.1016/S0165-1781(00)00231-6,yes,"LNJ, ND",Alpert et al. (2000),NA,P,social_interaction,between,English,American English,SZ,HC,46,20,46,20,0,0,40.986956521739131,41.1,9.4013043478260876,13.58,12.708695652173912,13.1,2.2913043478260868,1.89,300,300,NA,NA,speech_percentage,% time talking,60.2913043478261,67.3,11.164347826087,7.28
Resnick1984,Resnick et al. (1984),"Resnick, H. S., & Oltmanns, T. F. (1984). Hesitation patterns in the speech of thought-disordered schizophrenic and manic patients. Journal of Abnormal Psychology, 93(1), 80.",Hesitation patterns in the speech of thought-disordered schizophrenic and manic patients.,"Resnick, H. S., & Oltmanns, T. F.",1984,https://doi.org/10.1037/0021-843X.93.1.80,yes,"LNJ, ND",Resnick et al. (1984),NA,W,social_interaction,between,English,American English,SZ,HC,10,20,6,10,4,10,28,26.200000000000003,7.5,3.52,11.4,14,1.9,0.96,240,240,NA,NA,speech_percentage,% (TOTAL Non-HESITATION DURATION/TOTAL SPEECH DURATION),82,85.25,6,4.25
Mandal1990,Mandal et al. (1990),"Mandal, M. K., Srivastava, P., & Singh, S. K. (1990). Paralinguistic characteristics of speech in schizophrenics and depressives. Journal of psychiatric research, 24(2), 191-196.",Paralinguistic characteristics of speech in schizophrenics and depressives.,"Mandal, M. K., Srivastava, P., & Singh, S. K.",1990,https://doi.org/10.1016/0022-3956(90)90059-Y,yes,"LNJ, ND",Mandal et al. (1990),NA,X,free_monological_production,between,Hindi,Hindi,SZ,HC,40,60,22,33,18,27,27.38,26.1,6.25,7.01,15,20.100000000000001,NR,NR,120,120,NA,NA,speech_percentage,total time subject speaks out time alloted,32.5595238095238,42.8809523809524,3.31547619047619,2.71309523809524
Rutter1977,Rutter et al. (1977),"Rutter, D. R. (1977). Speech patterning in recently admitted and chronic long‐stay schizophrenic patients. British Journal of Social and Clinical Psychology, 16(1), 47-55.",Speech patterning in recently admitted and chronic long‐stay schizophrenic patients.,"Rutter, D. R.",1977,https://doi.org/10.1111/j.2044-8260.1977.tb01002.x,yes,"LNJ, ND",Rutter et al. (1977),normal_partner condition,AB,social_interaction,between,NA,NA,SZ,HC,12,12,6,6,6,6,NR,NR,NR,NR,NR,NR,NR,NR,NA,NA,NA,NA,speech_percentage,% time speaking,42.7,58.1,18.6,10.2
Rutter1977,Rutter et al. (1977),"Rutter, D. R. (1977). Speech patterning in recently admitted and chronic long‐stay schizophrenic patients. British Journal of Social and Clinical Psychology, 16(1), 47-55.",Speech patterning in recently admitted and chronic long‐stay schizophrenic patients.,"Rutter, D. R.",1977,https://doi.org/10.1111/j.2044-8260.1977.tb01002.x,yes,"LNJ, ND",Rutter et al. (1977).1,patient_partner condition,AB,social_interaction,between,NA,NA,SZ,HC,12,12,6,6,6,6,NR,NR,NR,NR,NR,NR,NR,NR,600,NA,NA,NA,speech_percentage,% time speaking,37.3,49.8,19.1,20.5
Rutter1977,Rutter et al. (1977),"Rutter, D. R. (1977). Speech patterning in recently admitted and chronic long‐stay schizophrenic patients. British Journal of Social and Clinical Psychology, 16(1), 47-55.",Speech patterning in recently admitted and chronic long‐stay schizophrenic patients.,"Rutter, D. R.",1977,https://doi.org/10.1111/j.2044-8260.1977.tb01002.x,yes,"LNJ, ND",Rutter et al. (1977).2,Study_2,AC,social_interaction,between,NA,NA,SZ,HC,22,NA,18,NA,4,NA,NR,NR,NR,NR,NR,NR,NR,NR,NA,NA,NA,NA,speech_percentage,% time speaking,56.05,NA,20.45,NA
Rochester1977,Rochester et al. (1977),"Rochester, S. R., Thurston, S., & Rupp, J. (1977). Hesitations as clues to failures in coherence: A study of the thought-disordered speaker. Sentence Production: Developments in theory and research.",Hesitations as clues to failures in coherence: A study of the thought-disordered speaker.,"Rochester, S. R., Thurston, S., & Rupp, J.",1977,NA,NA,"LNJ, ND",Rochester et al. (1977),NA,AH,social_interaction,between,English,English,SZ,HC,40,20,NR,NA,NR,NA,25.55,29.9,7.15,10.9,11.55,15,2.6,2.1,180,180,NA,NA,speech_percentage,"Non-hesitation ratios: hesitation ratios were computed by dividing
the total hesitation durations per subject by
total speech duration per subject",78.5,88,11,9.5
Kliper2015,Kliper et al. (2015),"Kliper, R., Portuguese, S., & Weinshall, D. (2015, September). Prosodic analysis of speech and the underlying mental state. In International Symposium on Pervasive Computing Paradigms for Mental Health (pp. 52-62). Springer, Cham.",Prosodic Analysis of Speech and the Underlying Mental State.,"Kliper, R., Portuguese, S., & Weinshall, D.",2015,https://doi.org/10.1007/978-3-319-32270-4_6,NA,"LNJ, ND",Kliper et al. (2015),NA,AO,social_interaction,between,English,American English,SZ,HC,22,20,13,10,9,10,NA,NA,NA,NA,NA,NA,NA,NA,"57,13 minutes","48,46 minutes",NA,NA,speech_percentage,% time speaking,37.16,47.19,2.4,1.98
Rapcan2010,Rapcan et al. (2010),"Rapcan, V., D’Arcy, S., Yeap, S., Afzal, N., Thakore, J., & Reilly, R. B. (2010). Acoustic and temporal analysis of speech: A potential biomarker for schizophrenia. Medical engineering & physics, 32(9), 1074-1079.",Acoustic and temporal analysis of speech: A potential biomarker for schizophrenia.,"Rapcan, V., D’Arcy, S., Yeap, S., Afzal, N., Thakore, J., & Reilly, R. B.",2010,https://doi.org/10.1016/j.medengphy.2010.07.013,yes,"LNJ, ND",Rapcan et al. (2010),NA,F,constrained_production,between,English,Irish English,SZ,HC,39,18,27,8,12,10,42.3,40.5,13.5,12.9,NR,NR,NR,NR,222.15,194.58,42.8,30.64,pause_duration,"Mean pause duration (s), > 250 ms",630,570,80,80
Cannizzaro2005,Cannizzaro et al. (2005),"Cannizzaro, M. S., Cohen, H., Rappard, F., & Snyder, P. J. (2005). Bradyphrenia and bradykinesia both contribute to altered speech in schizophrenia: a quantitative acoustic study. Cognitive and behavioral neurology, 18(4), 206-210.",Bradyphrenia and bradykinesia both contribute to altered speech in schizophrenia: a quantitative acoustic study.,"Cannizzaro, M. S., Cohen, H., Rappard, F., & Snyder, P. J.",2005,https://doi.org/10.1097/01.wnn.0000185278.21352.e5,yes,"LNJ, ND",Cannizzaro et al. (2005),_a_rote_speech_confition,G,constrained_production,between,German,German,SZ,HC,13,6,9,4,4,2,NR,NR,NR,NR,NR,NR,NR,NR,NA,NA,NA,NA,pause_duration,"Average pause, s, > 200ms",530,360,50,80
Cannizzaro2005,Cannizzaro et al. (2005),"Cannizzaro, M. S., Cohen, H., Rappard, F., & Snyder, P. J. (2005). Bradyphrenia and bradykinesia both contribute to altered speech in schizophrenia: a quantitative acoustic study. Cognitive and behavioral neurology, 18(4), 206-210.",Bradyphrenia and bradykinesia both contribute to altered speech in schizophrenia: a quantitative acoustic study.,"Cannizzaro, M. S., Cohen, H., Rappard, F., & Snyder, P. J.",2005,https://doi.org/10.1097/01.wnn.0000185278.21352.e5,yes,"LNJ, ND",Cannizzaro et al. (2005).1,_b_free_speech condition,G,free_monological_production,between,German,German,SZ,HC,13,6,9,4,4,2,NR,NR,NR,NR,NR,NR,NR,NR,90,90,NA,NA,pause_duration,NA,1200,530,120,170
McGilloway2003,McGilloway et al. (2003),"McGilloway, S., Cooper, S. J., & Douglas-Cowie, E. (2003). Can patients with chronic schizophrenia express emotion? A speech analysis. Schizophrenia research, 64(2-3), 189.",Can patients with chronic schizophrenia express emotion? A speech analysis.,"McGilloway, S., Cooper, S. J., & Douglas-Cowie, E.",2003,https://doi.org/10.1016/S0920-9964(03)00012-4,yes,"LNJ, ND",McGilloway et al. (2003),NA,I,constrained_production,between,English,Irish English,SZ,HC,72,40,38,20,34,20,46,46,13.79,13.52,NR,NR,NR,NR,NA,NA,NA,NA,pause_duration,Average pause dur (media e iqr) NR,139.95,99.46,231.758024691358,180.77037037037
Cohen2013,Cohen et al. (2013),"Cohen, A. S., Kim, Y., & Najolia, G. M. (2013). Psychiatric symptom versus neurocognitive correlates of diminished expressivity in schizophrenia and mood disorders. Schizophrenia research, 146(1-3), 249-253.",Psychiatric symptom versus neurocognitive correlates of diminished expressivity in schizophrenia and mood disorders.,"Cohen, A. S., Kim, Y., & Najolia, G. M",2013,https://doi.org/10.1016/j.schres.2013.02.002,yes,"LNJ, ND",Cohen et al. (2013),NA,M,free_monological_production,between,English,American English,SZ,HC,26,NA,17,NA,9,NA,39.869999999999997,NA,9.9600000000000009,NA,NR,NA,NR,NA,720,NA,NA,NA,pause_duration,"Average
pause time  computed as the average millisecond pause
between utterances",4071.1,NA,2838.33,NA
Cohen2012,Cohen et al. (2012),"Cohen, A. S., Najolia, G. M., Kim, Y., & Dinzeo, T. J. (2012). On the boundaries of blunt affect/alogia across severe mental illness: implications for Research Domain Criteria. Schizophrenia research, 140(1-3), 41-45.",On the boundaries of blunt affect/alogia across severe mental illness: implications for Research Domain Criteria.,"Cohen, A. S., Najolia, G. M., Kim, Y., & Dinzeo, T. J.",2012,https://doi.org/10.1016/j.schres.2012.07.001,yes,"LNJ, ND",Cohen et al. (2012),NA,N,free_monological_production,between,English,American English,SZ,HC,26,NA,16,NA,10,NA,39.869999999999997,NA,9.9600000000000009,NA,NR,NA,NR,NA,360,NA,NA,NA,pause_duration,NA,4067,NA,3596,NA
Alpert1997,Alpert et al. (1997),"Alpert, M., Kotsaftis, A., & Pouget, E. R. (1997). Speech fluency and schizophrenic negative signs. Schizophrenia Bulletin, 23(2), 171-177.",Speech fluency and schizophrenic negative signs.,"Alpert, M., Kotsaftis, A., & Pouget, E. R.",1997,https://doi.org/10.1093/schbul/23.2.171,yes,"LNJ, ND",Alpert et al. (1997),NA,O,social_interaction,between,English,American English,SZ,HC,19,20,NA,NA,NA,NA,NA,NA,NA,NA,NA,NA,NA,NA,NA,NA,NA,NA,pause_duration,Mean in-turn pause duration,1600,900,770,210
Matsumoto2013,Matsumoto et al. (2013),"Matsumoto, K., Kircher, T., Stokes, P., Brammer, M. J., LIddle, P., & McGuire, P. K. (2013). Frequency and neural correlates of pauses in patients with formal thought disorder. Frontiers in psychiatry, 4, 127.",Frequency and neural correlates of pauses in patients with formal thought disorder,Matsumoto et al.,2013,https://doi.org/10.3389/fpsyt.2013.00127,yes,"LNJ, ND",Matsumoto et al. (2013),NA,S,free_monological_production,between,English,British English,SZ,HC,6,6,NR,6,NR,0,34.299999999999997,34,11.5,7.9,11.7,13.3,1.7,2.7,1260,1260,NA,NA,pause_duration,mean duration,1150,800,148,156
Alpert1994,Alpert et al. (1994),"Alpert, M., Clark, A., & Pouget, E. R. (1994). The syntactic role of pauses in the speech of schizophrenic patients with alogia. Journal of Abnormal Psychology, 103(4), 750.",The syntactic role of pauses in the speech of schizophrenic patients with alogia.,"Alpert, M., Clark, A., & Pouget, E. R.",1994,https://doi.org/10.1037/0021-843X.103.4.750,yes,"LNJ, ND",Alpert et al. (1994),NA,T,social_interaction,between,English,American English,SZ,HC,17,NA,17,NA,0,NA,39,NA,9.4,NA,11,NA,1.3,NA,NA,NA,NA,NA,pause_duration,mean duration,3533,NA,1313,NA
Resnick1984,Resnick et al. (1984),"Resnick, H. S., & Oltmanns, T. F. (1984). Hesitation patterns in the speech of thought-disordered schizophrenic and manic patients. Journal of Abnormal Psychology, 93(1), 80.",Hesitation patterns in the speech of thought-disordered schizophrenic and manic patients.,"Resnick, H. S., & Oltmanns, T. F.",1984,https://doi.org/10.1037/0021-843X.93.1.80,yes,"LNJ, ND",Resnick et al. (1984),NA,W,social_interaction,between,English,American English,SZ,HC,10,20,6,10,4,10,28,26.200000000000003,7.5,3.52,11.4,14,1.9,0.96,240,240,NA,NA,pause_duration,Hesitation duration/frequency duration),1060,810,300,210
Rochester1977,Rochester et al. (1977),"Rochester, S. R., Thurston, S., & Rupp, J. (1977). Hesitations as clues to failures in coherence: A study of the thought-disordered speaker. Sentence Production: Developments in theory and research.",Hesitations as clues to failures in coherence: A study of the thought-disordered speaker.,"Rochester, S. R., Thurston, S., & Rupp, J.",1977,NA,NA,"LNJ, ND",Rochester et al. (1977),NA,AH,social_interaction,between,English,English,SZ,HC,40,20,NR,NA,NR,NA,25.55,29.9,7.15,10.9,11.55,15,2.6,2.1,180,180,NA,NA,pause_duration,NA,685,310,380,64
Alpert1995,Alpert et al. (1995),"Alpert, M., Pouget, E. R., & Silva, R. (1995). Cues to the assessment of affects and moods: Speech fluency and pausing. Psychopharmacology bulletin.",Cues to the assessment of affects and moods: Speech fluency and pausing. tin.,"Alpert, M., Pouget, E. R., Sison, C., Yahia, M., & Allan, E.",1995,NA,yes,"LNJ, ND",Alpert et al. (1995),NA,AM,social_interaction,between,NA,NA,SZ,HC,6,NA,6,NA,0,NA,NA,NA,NA,NA,NA,NA,NA,NA,180,NA,NA,NA,pause_duration,NA,2350,NA,555,NA
Kliper2015,Kliper et al. (2015),"Kliper, R., Portuguese, S., & Weinshall, D. (2015, September). Prosodic analysis of speech and the underlying mental state. In International Symposium on Pervasive Computing Paradigms for Mental Health (pp. 52-62). Springer, Cham.",Prosodic Analysis of Speech and the Underlying Mental State.,"Kliper, R., Portuguese, S., & Weinshall, D.",2015,https://doi.org/10.1007/978-3-319-32270-4_6,NA,"LNJ, ND",Kliper et al. (2015),NA,AO,social_interaction,between,English,American English,SZ,HC,22,20,13,10,9,10,NA,NA,NA,NA,NA,NA,NA,NA,"57,13 minutes","48,46 minutes",NA,NA,pause_duration,NA,2440,1730,220,100
Rapcan2010,Rapcan et al. (2010),"Rapcan, V., D’Arcy, S., Yeap, S., Afzal, N., Thakore, J., & Reilly, R. B. (2010). Acoustic and temporal analysis of speech: A potential biomarker for schizophrenia. Medical engineering & physics, 32(9), 1074-1079.",Acoustic and temporal analysis of speech: A potential biomarker for schizophrenia.,"Rapcan, V., D’Arcy, S., Yeap, S., Afzal, N., Thakore, J., & Reilly, R. B.",2010,https://doi.org/10.1016/j.medengphy.2010.07.013,yes,"LNJ, ND",Rapcan et al. (2010),NA,F,constrained_production,between,English,Irish English,SZ,HC,39,18,27,8,12,10,42.3,40.5,13.5,12.9,NR,NR,NR,NR,222.15,194.58,42.8,30.64,pause_number,Number of pauses>250ms,68.72,54.05,19.77,8.94
Cannizzaro2005,Cannizzaro et al. (2005),"Cannizzaro, M. S., Cohen, H., Rappard, F., & Snyder, P. J. (2005). Bradyphrenia and bradykinesia both contribute to altered speech in schizophrenia: a quantitative acoustic study. Cognitive and behavioral neurology, 18(4), 206-210.",Bradyphrenia and bradykinesia both contribute to altered speech in schizophrenia: a quantitative acoustic study.,"Cannizzaro, M. S., Cohen, H., Rappard, F., & Snyder, P. J.",2005,https://doi.org/10.1097/01.wnn.0000185278.21352.e5,yes,"LNJ, ND",Cannizzaro et al. (2005),_a_rote_speech_confition,G,constrained_production,between,German,German,SZ,HC,13,6,9,4,4,2,NR,NR,NR,NR,NR,NR,NR,NR,NA,NA,NA,NA,pause_number,Number of pauses>200ms,17.08,20,12.63,13.86
Cannizzaro2005,Cannizzaro et al. (2005),"Cannizzaro, M. S., Cohen, H., Rappard, F., & Snyder, P. J. (2005). Bradyphrenia and bradykinesia both contribute to altered speech in schizophrenia: a quantitative acoustic study. Cognitive and behavioral neurology, 18(4), 206-210.",Bradyphrenia and bradykinesia both contribute to altered speech in schizophrenia: a quantitative acoustic study.,"Cannizzaro, M. S., Cohen, H., Rappard, F., & Snyder, P. J.",2005,https://doi.org/10.1097/01.wnn.0000185278.21352.e5,yes,"LNJ, ND",Cannizzaro et al. (2005).1,_b_free_speech condition,G,free_monological_production,between,German,German,SZ,HC,13,6,9,4,4,2,NR,NR,NR,NR,NR,NR,NR,NR,90,90,NA,NA,pause_number,Number of pauses>200ms,27.67,26,6.13,10.31
Matsumoto2013,Matsumoto et al. (2013),"Matsumoto, K., Kircher, T., Stokes, P., Brammer, M. J., LIddle, P., & McGuire, P. K. (2013). Frequency and neural correlates of pauses in patients with formal thought disorder. Frontiers in psychiatry, 4, 127.",Frequency and neural correlates of pauses in patients with formal thought disorder,Matsumoto et al.,2013,https://doi.org/10.3389/fpsyt.2013.00127,yes,"LNJ, ND",Matsumoto et al. (2013),NA,S,free_monological_production,between,English,British English,SZ,HC,6,6,NR,6,NR,0,34.299999999999997,34,11.5,7.9,11.7,13.3,1.7,2.7,1260,1260,NA,NA,pause_number,Number of pauses  >250ms and > 3000ms_TOTAL,251.3,389.5,110.9,60.7
Alpert1994,Alpert et al. (1994),"Alpert, M., Clark, A., & Pouget, E. R. (1994). The syntactic role of pauses in the speech of schizophrenic patients with alogia. Journal of Abnormal Psychology, 103(4), 750.",The syntactic role of pauses in the speech of schizophrenic patients with alogia.,"Alpert, M., Clark, A., & Pouget, E. R.",1994,https://doi.org/10.1037/0021-843X.103.4.750,yes,"LNJ, ND",Alpert et al. (1994),NA,T,social_interaction,between,English,American English,SZ,HC,17,NA,17,NA,0,NA,39,NA,9.4,NA,11,NA,1.3,NA,NA,NA,NA,NA,pause_number,AL MINUTO_frequency,2.24,NA,1.266,NA
Salomè2002,Salomè et al. (2002),"Salomé, F., Boyer, P., & Fayol, M. (2002). Written but not oral verbal production is preserved in young schizophrenic patients. Psychiatry research, 111(2-3), 137-145.","Written but not oral verbal production is preserved in young schizophrenic patients. Psychiatry research, 111(2), 137-145.","Salomé, F., Boyer, P., & Fayol, M.",2002,https://doi.org/10.1016/S0165-1781(02)00142-7,yes,"LNJ, ND",Salomè et al. (2002),NA,AL,free_monological_production,between,French,French,SZ,HC,10,10,9,9,1,1,24.2,21,3.1,1.6,12.9,13.2,0.8,1.1000000000000001,52.9,34.200000000000003,NA,NA,pause_number,pause/sec-> frequency,0.21,0.19,0.09,0.06
Cockal2019,Cockal et al. (2019),"Çokal, D., Zimmerer, V., Turkington, D., Ferrier, N., Varley, R., Watson, S., & Hinzen, W. (2019). Disturbing the rhythm of thought: Speech pausing patterns in schizophrenia, with and without formal thought disorder. PloS one, 14(5), e0217404.","Disturbing the rhythm of thought: Speech
pausing patterns in schizophrenia, with and
without formal thought disorder","Çokal, D., Zimmerer, V., Turkington, D., Ferrier, N., Varley, R., Watson, S., & Hinzen, W.",2019,https://doi.org/10.1371/journal.pone.0217404,yes,"LNJ, ND",Cockal et al. (2019),NA,AR,free_monological_production,between,English,British English,SZ,HC,30,15,23,7,7,8,44,45,11,13,14,16,4,4,NA,NA,NA,NA,pause_number,NA,1.2,0.83,0.685,0.33
Rapcan2010,Rapcan et al. (2010),"Rapcan, V., D’Arcy, S., Yeap, S., Afzal, N., Thakore, J., & Reilly, R. B. (2010). Acoustic and temporal analysis of speech: A potential biomarker for schizophrenia. Medical engineering & physics, 32(9), 1074-1079.",Acoustic and temporal analysis of speech: A potential biomarker for schizophrenia.,"Rapcan, V., D’Arcy, S., Yeap, S., Afzal, N., Thakore, J., & Reilly, R. B.",2010,https://doi.org/10.1016/j.medengphy.2010.07.013,yes,"LNJ, ND",Rapcan et al. (2010),NA,F,constrained_production,between,English,Irish English,SZ,HC,39,18,27,8,12,10,42.3,40.5,13.5,12.9,NR,NR,NR,NR,222.15,194.58,42.8,30.64,pause_total_length,ms,42800,30560,12420,6100
Cannizzaro2005,Cannizzaro et al. (2005),"Cannizzaro, M. S., Cohen, H., Rappard, F., & Snyder, P. J. (2005). Bradyphrenia and bradykinesia both contribute to altered speech in schizophrenia: a quantitative acoustic study. Cognitive and behavioral neurology, 18(4), 206-210.",Bradyphrenia and bradykinesia both contribute to altered speech in schizophrenia: a quantitative acoustic study.,"Cannizzaro, M. S., Cohen, H., Rappard, F., & Snyder, P. J.",2005,https://doi.org/10.1097/01.wnn.0000185278.21352.e5,yes,"LNJ, ND",Cannizzaro et al. (2005),_a_rote_speech_confition,G,constrained_production,between,German,German,SZ,HC,13,6,9,4,4,2,NR,NR,NR,NR,NR,NR,NR,NR,NA,NA,NA,NA,pause_total_length,Pause total,7.66,7.7,5.92,6.36
Cannizzaro2005,Cannizzaro et al. (2005),"Cannizzaro, M. S., Cohen, H., Rappard, F., & Snyder, P. J. (2005). Bradyphrenia and bradykinesia both contribute to altered speech in schizophrenia: a quantitative acoustic study. Cognitive and behavioral neurology, 18(4), 206-210.",Bradyphrenia and bradykinesia both contribute to altered speech in schizophrenia: a quantitative acoustic study.,"Cannizzaro, M. S., Cohen, H., Rappard, F., & Snyder, P. J.",2005,https://doi.org/10.1097/01.wnn.0000185278.21352.e5,yes,"LNJ, ND",Cannizzaro et al. (2005).1,_b_free_speech condition,G,free_monological_production,between,German,German,SZ,HC,13,6,9,4,4,2,NR,NR,NR,NR,NR,NR,NR,NR,90,90,NA,NA,pause_total_length,NA,30.34,13.84,10.3,5.85
Alpert2002,Alpert et al. (2002),"Alpert, M., Shaw, R. J., Pouget, E. R., & Lim, K. O. (2002). A comparison of clinical ratings with vocal acoustic measures of flat affect and alogia. Journal of Psychiatric Research, 36(5), 347-353.",A comparison of clinical ratings with vocal acoustic measures of flat affect and alogia.,"Alpert, M., Shaw, R. J., Pouget, E. R., & Lim, K. O.",2002,https://doi.org/10.1016/S0022-3956(02)00016-X,yes,"LNJ, ND",Alpert et al. (2002),NA,E,social_interaction,between,English,American English,SZ,HC,30,NA,30,NA,0,NA,42,NA,9,NA,NR,NA,NR,NA,NA,NA,NA,NA,response_latency,sec,1100,NA,560,NA
Alpert1997,Alpert et al. (1997),"Alpert, M., Kotsaftis, A., & Pouget, E. R. (1997). Speech fluency and schizophrenic negative signs. Schizophrenia Bulletin, 23(2), 171-177.",Speech fluency and schizophrenic negative signs.,"Alpert, M., Kotsaftis, A., & Pouget, E. R.",1997,https://doi.org/10.1093/schbul/23.2.171,yes,"LNJ, ND",Alpert et al. (1997),NA,O,social_interaction,between,English,American English,SZ,HC,19,20,NA,NA,NA,NA,NA,NA,NA,NA,NA,NA,NA,NA,NA,NA,NA,NA,response_latency,NA,3400,1500,1930,500
Mandal1990,Mandal et al. (1990),"Mandal, M. K., Srivastava, P., & Singh, S. K. (1990). Paralinguistic characteristics of speech in schizophrenics and depressives. Journal of psychiatric research, 24(2), 191-196.",Paralinguistic characteristics of speech in schizophrenics and depressives.,"Mandal, M. K., Srivastava, P., & Singh, S. K.",1990,https://doi.org/10.1016/0022-3956(90)90059-Y,yes,"LNJ, ND",Mandal et al. (1990),NA,X,free_monological_production,between,Hindi,Hindi,SZ,HC,40,60,22,33,18,27,27.38,26.1,6.25,7.01,15,20.100000000000001,NR,NR,120,120,NA,NA,response_latency,NA,6587.14285714286,8678.57142857143,821.428571428571,775.714285714286
Cannizzaro2005,Cannizzaro et al. (2005),"Cannizzaro, M. S., Cohen, H., Rappard, F., & Snyder, P. J. (2005). Bradyphrenia and bradykinesia both contribute to altered speech in schizophrenia: a quantitative acoustic study. Cognitive and behavioral neurology, 18(4), 206-210.",Bradyphrenia and bradykinesia both contribute to altered speech in schizophrenia: a quantitative acoustic study.,"Cannizzaro, M. S., Cohen, H., Rappard, F., & Snyder, P. J.",2005,https://doi.org/10.1097/01.wnn.0000185278.21352.e5,yes,"LNJ, ND",Cannizzaro et al. (2005),_a_rote_speech_confition,G,constrained_production,between,German,German,SZ,HC,13,6,9,4,4,2,NR,NR,NR,NR,NR,NR,NR,NR,NA,NA,NA,NA,pause_variability,Pause SD,250,130,170,50
Cannizzaro2005,Cannizzaro et al. (2005),"Cannizzaro, M. S., Cohen, H., Rappard, F., & Snyder, P. J. (2005). Bradyphrenia and bradykinesia both contribute to altered speech in schizophrenia: a quantitative acoustic study. Cognitive and behavioral neurology, 18(4), 206-210.",Bradyphrenia and bradykinesia both contribute to altered speech in schizophrenia: a quantitative acoustic study.,"Cannizzaro, M. S., Cohen, H., Rappard, F., & Snyder, P. J.",2005,https://doi.org/10.1097/01.wnn.0000185278.21352.e5,yes,"LNJ, ND",Cannizzaro et al. (2005).1,_b_free_speech condition,G,free_monological_production,between,German,German,SZ,HC,13,6,9,4,4,2,NR,NR,NR,NR,NR,NR,NR,NR,90,90,NA,NA,pause_variability,NA,1050,290,100,140
Pinheiro2016,Pinheiro et al. (2016),"Pinheiro, A.P., Rezaii, N., Rauber, A., Niznikiewicz, M., 2016. Is this my voice or yours? The role of emotion and acoustic quality in self-other voice discrimination in schizophrenia. Cogn. Neuropsychiatry 21, 335–353.",Is this my voice or yours? The role of emotion and acoustic quality in self-other voice discrimination in schizophrenia,"Pinheiro, A.P., Rezaii, N., Rauber, A., Niznikiewicz, M.",2016,https://doi.org/10.1080/13546805.2016.1208611,yes,"LNJ, ND",Pinheiro et al. (2016),NA,A,constrained_production,between,English,American English,SZ,HC,17,18,12,13,5,5,48.29,49.53,8.49,4.4800000000000004,13.69,15.06,2.33,1.91,NR,NR,NR,NR,pitch,hz,148.043333333333,137.246666666667,23.8966666666667,29.9833333333333
Bernardini2016,Bernardini et al. (2016),"Bernardini, F., Lunden, A., Covington, M., Broussard, B., Halpern, B., Alolayan, Y., ... & Attademo, L. (2016). Associations of acoustically measured tongue/jaw movements and portion of time speaking with negative symptom severity in patients with schizophrenia in Italy and the United States. Psychiatry Research, 239, 253-258.","Associations of acoustically measured tongue jaw movements and
portion of time speaking with negative symptom severity in patients
with schizophrenia in Italy and the United States","Bernardini F, Lunden A, Covington M, Broussard B, Halpern B, Alolayan Y, Crisafio A, Pauselli L, Balducci PM, Capulong L, Attademo L, Lucarini E, Salierno G, Natalicchi L, Quartesan R, Compton MT",2016,https://doi.org/10.1016/j.psychres.2016.03.037,yes,"LNJ, ND",Bernardini et al. (2016),_1_it,C,free_monological_production,between,Italian,Italian,SZ,HC,20,NA,13,NA,7,NA,35.4,NA,11.2,NA,12.6,NA,3.8,NA,240,NA,NA,NA,pitch,hz,136.440860736199,NA,31.9359635568377,NA
Bernardini2016,Bernardini et al. (2016),"Bernardini, F., Lunden, A., Covington, M., Broussard, B., Halpern, B., Alolayan, Y., ... & Attademo, L. (2016). Associations of acoustically measured tongue/jaw movements and portion of time speaking with negative symptom severity in patients with schizophrenia in Italy and the United States. Psychiatry Research, 239, 253-258.","Associations of acoustically measured tongue jaw movements and
portion of time speaking with negative symptom severity in patients
with schizophrenia in Italy and the United States","Bernardini F, Lunden A, Covington M, Broussard B, Halpern B, Alolayan Y, Crisafio A, Pauselli L, Balducci PM, Capulong L, Attademo L, Lucarini E, Salierno G, Natalicchi L, Quartesan R, Compton MT",2016,https://doi.org/10.1016/j.psychres.2016.03.037,yes,"LNJ, ND",Bernardini et al. (2016).1,_2_us,C,free_monological_production,between,English,American English,SZ,HC,20,NA,13,NA,7,NA,33.6,NA,10.1,NA,12.2,NA,2.4,NA,NA,NA,NA,NA,pitch,hz,118.934370918999,NA,30.2420923544698,NA
Martínez2015,Martínez et al. (2015),"Martínez-Sánchez, F., Muela-Martínez, J. A., Cortés-Soto, P., Meilán, J. J. G., Ferrándiz, J. A. V., Caparrós, A. E., & Valverde, I. M. P. (2015). Can the acoustic analysis of expressive prosody discriminate schizophrenia?. The Spanish journal of psychology, 18.",Can the Acoustic Analysis of Expressive Prosody Discriminate Schizophrenia?,"Martínez-Sánchez F, Muela-Martínez JA, Cortés-Soto P, García Meilán JJ, Vera Ferrándiz JA, Egea Caparrós A, Pujante Valverde IM.",2015,https://doi.org/10.1017/sjp.2015.85,yes,"LNJ, ND",Martínez et al. (2015),NA,D,constrained_production,between,Spanish,Spanish,SZ,HC,45,35,32,22,13,13,39.49,35.340000000000003,10.89,10.48,10.4,11.6571,"2,63197
 
",3.3426200000000001,124.12,83.85,43.15,15.65,pitch,hz,143.02,156.57,40.33,43.89
Graux2015,Graux et al. (2015),"Graux, J., Courtine, J. B., Bruneau, N., Camus, V., & El-Hage, W. (2015). Higher fundamental voice frequency is related to extrapyramidal symptoms in schizophrenia. Schizophrenia research, 2(161), 517-518.","Higher fundamental voice frequency is
related to extrapyramidal symptoms
in schizophrenia","Graux, J., Courtine, J. B., Bruneau, N., Camus, V., & El-Hage, W.",2015,https://doi.org/10.1016/j.schres.2014.10.045,yes,"LNJ, ND",Graux et al. (2015),NA,H,constrained_production,between,French,French,SZ,HC,26,26,26,26,0,0,30,29.3,6,8,12,NR,4,NR,NA,NA,NA,NA,pitch,hz,123,112,19,14
Pinheiro2017,Pinheiro et al. (2017),"Pinheiro, A. P., Rezaii, N., Rauber, A., Nestor, P. G., Spencer, K. M., & Niznikiewicz, M. (2017). Emotional self–other voice processing in schizophrenia and its relationship with hallucinations: ERP evidence. Psychophysiology, 54(9), 1252-1265.",Emotional self-other voice processing in schizophrenia and its relationship with hallucinations: ERP evidence.,"Pinheiro AP, Rezaii N, Rauber A, Nestor PG, Spencer KM, Niznikiewicz M.",2017,https://doi.org/10.1111/psyp.12880,yes,"LNJ, ND",Pinheiro et al. (2017),NA,V,constrained_production,between,English,American English,SZ,HC,15,16,11,11,4,5,47.4,48.63,8.48,5.08,13.86,15.31,2.35,1.74,NA,NA,NA,NA,pitch,hz,148.043333333333,136.383333333333,27.5933333333333,30.44
Tolkmitt1982,Tolkmitt (1982),"Tolkmitt, F., Helfrich, H., Standke, R., & Scherer, K. R. (1982). Vocal indicators of psychiatric treatment effects in depressives and schizophrenics. Journal of communication disorders, 15(3), 209-222.",Vocal indicators of psychiatric treatment effects in depressives and schizophrenics.,"Tolkmitt, F., Helfrich, H., Standke, R., & Scherer, K. R. .",1982,https://doi.org/10.1016/0021-9924(82)90034-X,yes,"LNJ, ND",Tolkmitt (1982),NA,AI,social_interaction,between,German,German,SZ,HC,11,NA,NR,NA,NR,NA,NR,NR,NR,NR,NR,NR,NR,NR,240,NA,NA,NA,pitch,NA,211.167,NA,NA,NA
Martinez2015,Martinez et al. (2015),"Martínez, A., Felizzola Donado, C. A., & Matallana Eslava, D. L. (2015). Spontaneous speech prosody and discourse analysis in schizophrenia and Fronto Temporal Dementia (FTD) patients. Revista colombiana de psiquiatria, 44(1), 13-19.","Spontaneous speech prosody and discourse analysis in schizophrenia and Fronto Temporal Dementia (FTD) patients. colombiana de psiquiatria, 44(1), 13-19.","Martínez, A., Felizzola Donado, C. A., & Matallana Eslava, D. L.",2015,http://dx.doi.org/10.1016/j.rcp.2015.01.003.,yes,"LNJ, ND",Martinez et al. (2015),NA,AJ,free_monological_production,between,Spanish,Spanish,SZ,HC,6,NA,NR,NR,NR,NR,NR,NR,NR,NR,NR,NR,NR,NR,NA,NA,NA,NA,pitch,NA,171.371666666667,NA,57.6602179727641,NA
Thanh2018,Thanh (2018),"Le, T. P. (2018). Vocal Expression In Schizophrenia: Examining The Role Of Vocal Accommodation In Clinical Ratings Of Speech.",Vocal Expression In Schizophrenia: Examining The Role Of Vocal Accommodation In Clinical Ratings Of Speech,"Thanh, P.Le.",2018,NA,NA,"LNJ, ND",Thanh (2018),NA,AS,social_interaction,between,English,American English,SZ,HC,57,30,41,15,16,15,40.58,41.27,11.68,13.17,11.21,14.2,1.91,2.16,NA,NA,NA,NA,pitch,NA,83.75,84.16,3.15,3.93
Zhang2016,Zhang et al. (2016),"Zhang, J., Zhongde, P. A. N., Chao, G. U. I., Jie, Z. H. U., & Donghong, C. U. I. (2016). Clinical investigation of speech signal features among patients with schizophrenia. Shanghai archives of psychiatry, 28(2), 95.",Clinical investigation of speech signal features among patients with schizophrenia,"Zhang J, Pan Z, Gui C, Zhu J, Cui D.",2016,https://doi.org/10.11919/j.issn.1002-0829.216025,NA,"LNJ, ND",Zhang et al. (2016),NA,B,social_interaction,between,Chinese,Chinese,SZ,HC,26,30,16,16,10,14,43.3,37,10.9,14.3,9.5,11.6,3,2.5,NA,NA,NA,NA,f1,NA,0.1365,0.04,0.0175,0.005
Zhang2016,Zhang et al. (2016),"Zhang, J., Zhongde, P. A. N., Chao, G. U. I., Jie, Z. H. U., & Donghong, C. U. I. (2016). Clinical investigation of speech signal features among patients with schizophrenia. Shanghai archives of psychiatry, 28(2), 95.",Clinical investigation of speech signal features among patients with schizophrenia,"Zhang J, Pan Z, Gui C, Zhu J, Cui D.",2016,https://doi.org/10.11919/j.issn.1002-0829.216025,NA,"LNJ, ND",Zhang et al. (2016),NA,B,social_interaction,between,Chinese,Chinese,SZ,HC,26,30,16,16,10,14,43.3,37,10.9,14.3,9.5,11.6,3,2.5,NA,NA,NA,NA,f2,NA,0.062,0.083,0.0305,0.009
Zhang2016,Zhang et al. (2016),"Zhang, J., Zhongde, P. A. N., Chao, G. U. I., Jie, Z. H. U., & Donghong, C. U. I. (2016). Clinical investigation of speech signal features among patients with schizophrenia. Shanghai archives of psychiatry, 28(2), 95.",Clinical investigation of speech signal features among patients with schizophrenia,"Zhang J, Pan Z, Gui C, Zhu J, Cui D.",2016,https://doi.org/10.11919/j.issn.1002-0829.216025,NA,"LNJ, ND",Zhang et al. (2016),NA,B,social_interaction,between,Chinese,Chinese,SZ,HC,26,30,16,16,10,14,43.3,37,10.9,14.3,9.5,11.6,3,2.5,NA,NA,NA,NA,f3,NA,0.1765,0.182,0.0145,0.012
Zhang2016,Zhang et al. (2016),"Zhang, J., Zhongde, P. A. N., Chao, G. U. I., Jie, Z. H. U., & Donghong, C. U. I. (2016). Clinical investigation of speech signal features among patients with schizophrenia. Shanghai archives of psychiatry, 28(2), 95.",Clinical investigation of speech signal features among patients with schizophrenia,"Zhang J, Pan Z, Gui C, Zhu J, Cui D.",2016,https://doi.org/10.11919/j.issn.1002-0829.216025,NA,"LNJ, ND",Zhang et al. (2016),NA,B,social_interaction,between,Chinese,Chinese,SZ,HC,26,30,16,16,10,14,43.3,37,10.9,14.3,9.5,11.6,3,2.5,NA,NA,NA,NA,f4,NA,0.2645,0.257,0.021,0.019
Zhang2016,Zhang et al. (2016),"Zhang, J., Zhongde, P. A. N., Chao, G. U. I., Jie, Z. H. U., & Donghong, C. U. I. (2016). Clinical investigation of speech signal features among patients with schizophrenia. Shanghai archives of psychiatry, 28(2), 95.",Clinical investigation of speech signal features among patients with schizophrenia,"Zhang J, Pan Z, Gui C, Zhu J, Cui D.",2016,https://doi.org/10.11919/j.issn.1002-0829.216025,NA,"LNJ, ND",Zhang et al. (2016),NA,B,social_interaction,between,Chinese,Chinese,SZ,HC,26,30,16,16,10,14,43.3,37,10.9,14.3,9.5,11.6,3,2.5,NA,NA,NA,NA,f5,NA,0.359,0.357,0.017,0.013
Zhang2016,Zhang et al. (2016),"Zhang, J., Zhongde, P. A. N., Chao, G. U. I., Jie, Z. H. U., & Donghong, C. U. I. (2016). Clinical investigation of speech signal features among patients with schizophrenia. Shanghai archives of psychiatry, 28(2), 95.",Clinical investigation of speech signal features among patients with schizophrenia,"Zhang J, Pan Z, Gui C, Zhu J, Cui D.",2016,https://doi.org/10.11919/j.issn.1002-0829.216025,NA,"LNJ, ND",Zhang et al. (2016),NA,B,social_interaction,between,Chinese,Chinese,SZ,HC,26,30,16,16,10,14,43.3,37,10.9,14.3,9.5,11.6,3,2.5,NA,NA,NA,NA,f6,NA,0.426,0.426,0.0115,0.015
Bernardini2016,Bernardini et al. (2016),"Bernardini, F., Lunden, A., Covington, M., Broussard, B., Halpern, B., Alolayan, Y., ... & Attademo, L. (2016). Associations of acoustically measured tongue/jaw movements and portion of time speaking with negative symptom severity in patients with schizophrenia in Italy and the United States. Psychiatry Research, 239, 253-258.","Associations of acoustically measured tongue jaw movements and
portion of time speaking with negative symptom severity in patients
with schizophrenia in Italy and the United States","Bernardini F, Lunden A, Covington M, Broussard B, Halpern B, Alolayan Y, Crisafio A, Pauselli L, Balducci PM, Capulong L, Attademo L, Lucarini E, Salierno G, Natalicchi L, Quartesan R, Compton MT",2016,https://doi.org/10.1016/j.psychres.2016.03.037,yes,"LNJ, ND",Bernardini et al. (2016),_1_it,C,free_monological_production,between,Italian,Italian,SZ,HC,20,NA,13,NA,7,NA,35.4,NA,11.2,NA,12.6,NA,3.8,NA,240,NA,NA,NA,pitch_variability,Log10  Hz,0.0875,NA,0.0394,NA
Bernardini2016,Bernardini et al. (2016),"Bernardini, F., Lunden, A., Covington, M., Broussard, B., Halpern, B., Alolayan, Y., ... & Attademo, L. (2016). Associations of acoustically measured tongue/jaw movements and portion of time speaking with negative symptom severity in patients with schizophrenia in Italy and the United States. Psychiatry Research, 239, 253-258.","Associations of acoustically measured tongue jaw movements and
portion of time speaking with negative symptom severity in patients
with schizophrenia in Italy and the United States","Bernardini F, Lunden A, Covington M, Broussard B, Halpern B, Alolayan Y, Crisafio A, Pauselli L, Balducci PM, Capulong L, Attademo L, Lucarini E, Salierno G, Natalicchi L, Quartesan R, Compton MT",2016,https://doi.org/10.1016/j.psychres.2016.03.037,yes,"LNJ, ND",Bernardini et al. (2016).1,_2_us,C,free_monological_production,between,English,American English,SZ,HC,20,NA,13,NA,7,NA,33.6,NA,10.1,NA,12.2,NA,2.4,NA,NA,NA,NA,NA,pitch_variability,Log10  Hz,0.0834,NA,0.0242,NA
Martínez2015,Martínez et al. (2015),"Martínez-Sánchez, F., Muela-Martínez, J. A., Cortés-Soto, P., Meilán, J. J. G., Ferrándiz, J. A. V., Caparrós, A. E., & Valverde, I. M. P. (2015). Can the acoustic analysis of expressive prosody discriminate schizophrenia?. The Spanish journal of psychology, 18.",Can the Acoustic Analysis of Expressive Prosody Discriminate Schizophrenia?,"Martínez-Sánchez F, Muela-Martínez JA, Cortés-Soto P, García Meilán JJ, Vera Ferrándiz JA, Egea Caparrós A, Pujante Valverde IM.",2015,https://doi.org/10.1017/sjp.2015.85,yes,"LNJ, ND",Martínez et al. (2015),NA,D,constrained_production,between,Spanish,Spanish,SZ,HC,45,35,32,22,13,13,39.49,35.340000000000003,10.89,10.48,10.4,11.6571,"2,63197
 
",3.3426200000000001,124.12,83.85,43.15,15.65,pitch_variability,hz,27.5,29.67,10.36,8.32
Alpert2002,Alpert et al. (2002),"Alpert, M., Shaw, R. J., Pouget, E. R., & Lim, K. O. (2002). A comparison of clinical ratings with vocal acoustic measures of flat affect and alogia. Journal of Psychiatric Research, 36(5), 347-353.",A comparison of clinical ratings with vocal acoustic measures of flat affect and alogia.,"Alpert, M., Shaw, R. J., Pouget, E. R., & Lim, K. O.",2002,https://doi.org/10.1016/S0022-3956(02)00016-X,yes,"LNJ, ND",Alpert et al. (2002),NA,E,social_interaction,between,English,American English,SZ,HC,30,NA,30,NA,0,NA,42,NA,9,NA,NR,NA,NR,NA,NA,NA,NA,NA,pitch_variability,Frequency variance in semitones,0.5,NA,0.28,NA
Rapcan2010,Rapcan et al. (2010),"Rapcan, V., D’Arcy, S., Yeap, S., Afzal, N., Thakore, J., & Reilly, R. B. (2010). Acoustic and temporal analysis of speech: A potential biomarker for schizophrenia. Medical engineering & physics, 32(9), 1074-1079.",Acoustic and temporal analysis of speech: A potential biomarker for schizophrenia.,"Rapcan, V., D’Arcy, S., Yeap, S., Afzal, N., Thakore, J., & Reilly, R. B.",2010,https://doi.org/10.1016/j.medengphy.2010.07.013,yes,"LNJ, ND",Rapcan et al. (2010),NA,F,constrained_production,between,English,Irish English,SZ,HC,39,18,27,8,12,10,42.3,40.5,13.5,12.9,NR,NR,NR,NR,222.15,194.58,42.8,30.64,pitch_variability,Relative variaton in local pitch - coefficient variation ok,0.22,0.24,0.05,0.08
Cohen2008,Cohen et al. (2008),"Cohen, A. S., Alpert, M., Nienow, T. M., Dinzeo, T. J., & Docherty, N. M. (2008). Computerized measurement of negative symptoms in schizophrenia. Journal of psychiatric research, 42(10), 827-836.",Computerized measurement of negative symptoms in schizophrenia.,"Cohen, A. S., Alpert, M., Nienow, T. M., Dinzeo, T. J., & Docherty, N. M.",2008,https://doi.org/10.1016/j.jpsychires.2007.08.008,yes,"LNJ, ND",Cohen et al. (2008),NA,K,free_monological_production,between,English,American English,SZ,HC,60,19,44,13,16,6,41.547666666666672,38.32,8.2149999999999999,10.97,12.001333333333333,14.21,1.8916666666666668,1.44,NA,NA,NA,NA,pitch_variability,SD of F0 IN hz,17.6426666666667,21.56,7.27733333333333,6.78
Cohen2017,Cohen et al. (2017),"Cohen, A. S., Mitchell, K. R., Strauss, G. P., Blanchard, J. J., Buchanan, R. W., Kelly, D. L., ... & Carpenter, W. T. (2017). The effects of oxytocin and galantamine on objectively-defined vocal and facial expression: Data from the CIDAR study. Schizophrenia research, 188, 141.","The effects of oxytocin and galantamine on
objectively-defined vocal and facial expression: Data from the CIDAR study.
","Cohen, A. S., Mitchell, K. R., Strauss, G. P., Blanchard, J. J., Buchanan, R. W., Kelly, D. L., ... & Carpenter, W. T.",2017,https://doi.org/10.1016/j.schres.2017.01.028,yes,"LNJ, ND",Cohen et al. (2017),NA,L,social_interaction,between,English,American English,SZ,HC,40,NA,NA,NA,NA,NA,NA,NA,NA,NA,NA,NA,NA,NA,NA,NA,NA,NA,pitch_variability,"standard deviation of the fundamental frequency
values computedwithin a voiced epoch [i.e., an “utterance”], then averaged
across utterances",2.42,NA,1.11333333333333,NA
Cohen2012,Cohen et al. (2012),"Cohen, A. S., Najolia, G. M., Kim, Y., & Dinzeo, T. J. (2012). On the boundaries of blunt affect/alogia across severe mental illness: implications for Research Domain Criteria. Schizophrenia research, 140(1-3), 41-45.",On the boundaries of blunt affect/alogia across severe mental illness: implications for Research Domain Criteria.,"Cohen, A. S., Najolia, G. M., Kim, Y., & Dinzeo, T. J.",2012,https://doi.org/10.1016/j.schres.2012.07.001,yes,"LNJ, ND",Cohen et al. (2012),NA,N,free_monological_production,between,English,American English,SZ,HC,26,NA,16,NA,10,NA,39.869999999999997,NA,9.9600000000000009,NA,NR,NA,NR,NA,360,NA,NA,NA,pitch_variability,standard deviation of the standard deviation of the F0 (multiplied by a factor of 100),0.211666666666667,NA,0.115833333333333,NA
Alpert2000,Alpert et al. (2000),"Alpert, M., Rosenberg, S. D., Pouget, E. R., & Shaw, R. J. (2000). Prosody and lexical accuracy in flat affect schizophrenia. Psychiatry research, 97(2-3), 107-118.",Prosody and lexical accuracy in flat affect schizophrenia.,"Alpert, M., Rosenberg, S. D., Pouget, E. R., & Shaw, R. J.",2000,https://doi.org/10.1016/S0165-1781(00)00231-6,yes,"LNJ, ND",Alpert et al. (2000),NA,P,social_interaction,between,English,American English,SZ,HC,46,20,46,20,0,0,40.986956521739131,41.1,9.4013043478260876,13.58,12.708695652173912,13.1,2.2913043478260868,1.89,300,300,NA,NA,pitch_variability,semitones,0.524347826086957,0.84,0.249608695652174,0.502
Compton2018,Compton et al. (2018),"Compton, M. T., Lunden, A., Cleary, S. D., Pauselli, L., Alolayan, Y., Halpern, B., ... & Bernardini, F. (2018). The aprosody of schizophrenia: Computationally derived acoustic phonetic underpinnings of monotone speech. Schizophrenia research, 197, 392-399.",The aprosody of schizophrenia: Computationally derived acoustic phonetic underpinnings of monotone speech.,"Compton, M. T., Lunden, A., Cleary, S. D., Pauselli, L., Alolayan, Y., Halpern, B., ... & Bernardini, F. (2018).",2018,https://doi.org/10.1016/j.schres.2018.01.007,yes,"LNJ, ND",Compton et al. (2018),NA,AK,free_monological_production,between,English,American English,SZ,HC,94,101,71,56,23,45,32.74,33.65,9.69,9.3000000000000007,12.4,14,2.6,2.5,NA,NA,NA,NA,pitch_variability,NA,37.352962962963,38.6925650557621,24.157037037037,24.7996282527881
Compton2018,Compton et al. (2018),"Compton, M. T., Lunden, A., Cleary, S. D., Pauselli, L., Alolayan, Y., Halpern, B., ... & Bernardini, F. (2018). The aprosody of schizophrenia: Computationally derived acoustic phonetic underpinnings of monotone speech. Schizophrenia research, 197, 392-399.",The aprosody of schizophrenia: Computationally derived acoustic phonetic underpinnings of monotone speech.,"Compton, M. T., Lunden, A., Cleary, S. D., Pauselli, L., Alolayan, Y., Halpern, B., ... & Bernardini, F. (2018).",2018,https://doi.org/10.1016/j.schres.2018.01.007,yes,"LNJ, ND",Compton et al. (2018).1,NA,AK,free_monological_production,between,English,American English,SZ,HC,62,68,71,56,23,45,32.74,33.65,9.69,9.3000000000000007,12.4,14,2.6,2.5,NA,NA,NA,NA,pitch_variability,NA,35.0944186046512,38.6206278026906,22.1958139534884,26.795067264574
Kliper2015,Kliper et al. (2015),"Kliper, R., Portuguese, S., & Weinshall, D. (2015, September). Prosodic analysis of speech and the underlying mental state. In International Symposium on Pervasive Computing Paradigms for Mental Health (pp. 52-62). Springer, Cham.",Prosodic Analysis of Speech and the Underlying Mental State.,"Kliper, R., Portuguese, S., & Weinshall, D.",2015,https://doi.org/10.1007/978-3-319-32270-4_6,NA,"LNJ, ND",Kliper et al. (2015),NA,AO,social_interaction,between,English,American English,SZ,HC,22,20,13,10,9,10,NA,NA,NA,NA,NA,NA,NA,NA,"57,13 minutes","48,46 minutes",NA,NA,pitch_variability,sd of pitch for sentence,0.0924,0.0992,0.0044,0.0024
Ross2001,Ross et al. (2001),"Ross, E. D., Orbelo, D. M., Cartwright, J., Hansel, S., Burgard, M., Testa, J. A., & Buck, R. (2001). Affective-prosodic deficits in schizophrenia: profiles of patients with brain damage and comparison with relation to schizophrenic symptoms. Journal of Neurology, Neurosurgery & Psychiatry, 70(5), 597-604.",Affective-prosodic deficits in schizophrenia: profiles of patients with brain damage and comparison with relation to schizophrenic symptoms.,"Ross, E. D., Orbelo, D. M., Cartwright, J., Hansel, S., Burgard, M., Testa, J. A., & Buck, R.",2001,http://dx.doi.org/10.1136/jnnp.70.5.597,yes,"LNJ, ND",Ross et al. (2001),free spech,AP,social_interaction,between,English,American English,SZ,HC,45,19,39,7,6,12,42.5,45.5,7.2,10.8,13.8,14.2,2.2999999999999998,2.1,NA,NA,NA,NA,pitch_variability,NA,11.338,17.621,4.051,3.273
Ross2001,Ross et al. (2001),"Ross, E. D., Orbelo, D. M., Cartwright, J., Hansel, S., Burgard, M., Testa, J. A., & Buck, R. (2001). Affective-prosodic deficits in schizophrenia: profiles of patients with brain damage and comparison with relation to schizophrenic symptoms. Journal of Neurology, Neurosurgery & Psychiatry, 70(5), 597-604.",Affective-prosodic deficits in schizophrenia: profiles of patients with brain damage and comparison with relation to schizophrenic symptoms.,"Ross, E. D., Orbelo, D. M., Cartwright, J., Hansel, S., Burgard, M., Testa, J. A., & Buck, R.",2001,http://dx.doi.org/10.1136/jnnp.70.5.597,yes,"LNJ, ND",Ross et al. (2001).1,repetition,AP,constrained_production,between,English,American English,SZ,HC,45,19,39,7,6,12,42.5,45.5,7.2,10.8,13.8,14.2,2.2999999999999998,2.1,NA,NA,NA,NA,pitch_variability,NA,20.269,24.847,4.834,2.589
Meaux2018,Meaux et al. (2018),"Meaux, L. T., Mitchell, K. R., & Cohen, A. S. (2018). Blunted vocal affect and expression is not associated with schizophrenia: A computerized acoustic analysis of speech under ambiguous conditions. Comprehensive Psychiatry, 83, 84-88.",Blunted vocal affect and expression is not associated with schizophrenia: A computerized acoustic analysis of speech under ambiguous conditions,"Meaux, L. T., Mitchell, K. R., & Cohen, A. S.",2018,https://doi.org/10.1016/j.comppsych.2018.03.009,yes,"LNJ, ND",Meaux et al. (2018),perceptual,AQ,free_monological_production,between,English,American English,SZ,HC,36,25,23,15,13,10,39.75,31.29,9.99,12.42,15,14.36,2.19,2.14,NA,NA,NA,NA,pitch_variability,"standard deviation of the fundamental frequency averaged
across utterances",1.67,1.51,0.87,0.69
Meaux2018,Meaux et al. (2018),"Meaux, L. T., Mitchell, K. R., & Cohen, A. S. (2018). Blunted vocal affect and expression is not associated with schizophrenia: A computerized acoustic analysis of speech under ambiguous conditions. Comprehensive Psychiatry, 83, 84-88.",Blunted vocal affect and expression is not associated with schizophrenia: A computerized acoustic analysis of speech under ambiguous conditions,"Meaux, L. T., Mitchell, K. R., & Cohen, A. S.",2018,https://doi.org/10.1016/j.comppsych.2018.03.009,yes,"LNJ, ND",Meaux et al. (2018).1,memory,AQ,free_monological_production,between,English,American English,SZ,HC,36,25,23,15,13,10,39.75,31.29,9.99,12.42,15,14.36,2.19,2.14,NA,NA,NA,NA,pitch_variability,"standard deviation of the fundamental frequency averaged
across utterances",1.68,1.5,0.94,0.579
Thanh2018,Thanh (2018),"Le, T. P. (2018). Vocal Expression In Schizophrenia: Examining The Role Of Vocal Accommodation In Clinical Ratings Of Speech.",Vocal Expression In Schizophrenia: Examining The Role Of Vocal Accommodation In Clinical Ratings Of Speech,"Thanh, P.Le.",2018,NA,NA,"LNJ, ND",Thanh (2018),NA,AS,social_interaction,between,English,American English,SZ,HC,57,30,41,15,16,15,40.58,41.27,11.68,13.17,11.21,14.2,1.91,2.16,NA,NA,NA,NA,pitch_variability,NA,2.23,2.61,0.79,1.02
Bernardini2016,Bernardini et al. (2016),"Bernardini, F., Lunden, A., Covington, M., Broussard, B., Halpern, B., Alolayan, Y., ... & Attademo, L. (2016). Associations of acoustically measured tongue/jaw movements and portion of time speaking with negative symptom severity in patients with schizophrenia in Italy and the United States. Psychiatry Research, 239, 253-258.","Associations of acoustically measured tongue jaw movements and
portion of time speaking with negative symptom severity in patients
with schizophrenia in Italy and the United States","Bernardini F, Lunden A, Covington M, Broussard B, Halpern B, Alolayan Y, Crisafio A, Pauselli L, Balducci PM, Capulong L, Attademo L, Lucarini E, Salierno G, Natalicchi L, Quartesan R, Compton MT",2016,https://doi.org/10.1016/j.psychres.2016.03.037,yes,"LNJ, ND",Bernardini et al. (2016),_1_it,C,free_monological_production,between,Italian,Italian,SZ,HC,20,NA,13,NA,7,NA,35.4,NA,11.2,NA,12.6,NA,3.8,NA,240,NA,NA,NA,f1_variability,Log10  Hz,134.3,NA,30.4,NA
Bernardini2016,Bernardini et al. (2016),"Bernardini, F., Lunden, A., Covington, M., Broussard, B., Halpern, B., Alolayan, Y., ... & Attademo, L. (2016). Associations of acoustically measured tongue/jaw movements and portion of time speaking with negative symptom severity in patients with schizophrenia in Italy and the United States. Psychiatry Research, 239, 253-258.","Associations of acoustically measured tongue jaw movements and
portion of time speaking with negative symptom severity in patients
with schizophrenia in Italy and the United States","Bernardini F, Lunden A, Covington M, Broussard B, Halpern B, Alolayan Y, Crisafio A, Pauselli L, Balducci PM, Capulong L, Attademo L, Lucarini E, Salierno G, Natalicchi L, Quartesan R, Compton MT",2016,https://doi.org/10.1016/j.psychres.2016.03.037,yes,"LNJ, ND",Bernardini et al. (2016).1,_2_us,C,free_monological_production,between,English,American English,SZ,HC,20,NA,13,NA,7,NA,33.6,NA,10.1,NA,12.2,NA,2.4,NA,NA,NA,NA,NA,f1_variability,Log10  Hz,149.4,NA,62.7,NA
Bernardini2016,Bernardini et al. (2016),"Bernardini, F., Lunden, A., Covington, M., Broussard, B., Halpern, B., Alolayan, Y., ... & Attademo, L. (2016). Associations of acoustically measured tongue/jaw movements and portion of time speaking with negative symptom severity in patients with schizophrenia in Italy and the United States. Psychiatry Research, 239, 253-258.","Associations of acoustically measured tongue jaw movements and
portion of time speaking with negative symptom severity in patients
with schizophrenia in Italy and the United States","Bernardini F, Lunden A, Covington M, Broussard B, Halpern B, Alolayan Y, Crisafio A, Pauselli L, Balducci PM, Capulong L, Attademo L, Lucarini E, Salierno G, Natalicchi L, Quartesan R, Compton MT",2016,https://doi.org/10.1016/j.psychres.2016.03.037,yes,"LNJ, ND",Bernardini et al. (2016),_1_it,C,free_monological_production,between,Italian,Italian,SZ,HC,20,NA,13,NA,7,NA,35.4,NA,11.2,NA,12.6,NA,3.8,NA,240,NA,NA,NA,f2_variability,Log10  Hz,411.8,NA,66.9,NA
Bernardini2016,Bernardini et al. (2016),"Bernardini, F., Lunden, A., Covington, M., Broussard, B., Halpern, B., Alolayan, Y., ... & Attademo, L. (2016). Associations of acoustically measured tongue/jaw movements and portion of time speaking with negative symptom severity in patients with schizophrenia in Italy and the United States. Psychiatry Research, 239, 253-258.","Associations of acoustically measured tongue jaw movements and
portion of time speaking with negative symptom severity in patients
with schizophrenia in Italy and the United States","Bernardini F, Lunden A, Covington M, Broussard B, Halpern B, Alolayan Y, Crisafio A, Pauselli L, Balducci PM, Capulong L, Attademo L, Lucarini E, Salierno G, Natalicchi L, Quartesan R, Compton MT",2016,https://doi.org/10.1016/j.psychres.2016.03.037,yes,"LNJ, ND",Bernardini et al. (2016).1,_2_us,C,free_monological_production,between,English,American English,SZ,HC,20,NA,13,NA,7,NA,33.6,NA,10.1,NA,12.2,NA,2.4,NA,NA,NA,NA,NA,f2_variability,Log10  Hz,397.7,NA,53.5,NA
Zhang2016,Zhang et al. (2016),"Zhang, J., Zhongde, P. A. N., Chao, G. U. I., Jie, Z. H. U., & Donghong, C. U. I. (2016). Clinical investigation of speech signal features among patients with schizophrenia. Shanghai archives of psychiatry, 28(2), 95.",Clinical investigation of speech signal features among patients with schizophrenia,"Zhang J, Pan Z, Gui C, Zhu J, Cui D.",2016,https://doi.org/10.11919/j.issn.1002-0829.216025,NA,"LNJ, ND",Zhang et al. (2016),NA,B,social_interaction,between,Chinese,Chinese,SZ,HC,26,30,16,16,10,14,43.3,37,10.9,14.3,9.5,11.6,3,2.5,NA,NA,NA,NA,pitch_bandwidth,Hz,20.045,18.1,11.73,9.81
Martínez2015,Martínez et al. (2015),"Martínez-Sánchez, F., Muela-Martínez, J. A., Cortés-Soto, P., Meilán, J. J. G., Ferrándiz, J. A. V., Caparrós, A. E., & Valverde, I. M. P. (2015). Can the acoustic analysis of expressive prosody discriminate schizophrenia?. The Spanish journal of psychology, 18.",Can the Acoustic Analysis of Expressive Prosody Discriminate Schizophrenia?,"Martínez-Sánchez F, Muela-Martínez JA, Cortés-Soto P, García Meilán JJ, Vera Ferrándiz JA, Egea Caparrós A, Pujante Valverde IM.",2015,https://doi.org/10.1017/sjp.2015.85,yes,"LNJ, ND",Martínez et al. (2015),NA,D,constrained_production,between,Spanish,Spanish,SZ,HC,45,35,32,22,13,13,39.49,35.340000000000003,10.89,10.48,10.4,11.6571,"2,63197
 
",3.3426200000000001,124.12,83.85,43.15,15.65,pitch_range,Semitones/s,11.27,11,3.84,2.9
Pinheiro2016,Pinheiro et al. (2016),"Pinheiro, A.P., Rezaii, N., Rauber, A., Niznikiewicz, M., 2016. Is this my voice or yours? The role of emotion and acoustic quality in self-other voice discrimination in schizophrenia. Cogn. Neuropsychiatry 21, 335–353.",Is this my voice or yours? The role of emotion and acoustic quality in self-other voice discrimination in schizophrenia,"Pinheiro, A.P., Rezaii, N., Rauber, A., Niznikiewicz, M.",2016,https://doi.org/10.1080/13546805.2016.1208611,yes,"LNJ, ND",Pinheiro et al. (2016),NA,A,constrained_production,between,English,American English,SZ,HC,17,18,12,13,5,5,48.29,49.53,8.49,4.4800000000000004,13.69,15.06,2.33,1.91,NR,NR,NR,NR,intensity,db,74.5266666666667,73.9566666666667,2.38666666666667,8.29666666666667
Martínez2015,Martínez et al. (2015),"Martínez-Sánchez, F., Muela-Martínez, J. A., Cortés-Soto, P., Meilán, J. J. G., Ferrándiz, J. A. V., Caparrós, A. E., & Valverde, I. M. P. (2015). Can the acoustic analysis of expressive prosody discriminate schizophrenia?. The Spanish journal of psychology, 18.",Can the Acoustic Analysis of Expressive Prosody Discriminate Schizophrenia?,"Martínez-Sánchez F, Muela-Martínez JA, Cortés-Soto P, García Meilán JJ, Vera Ferrándiz JA, Egea Caparrós A, Pujante Valverde IM.",2015,https://doi.org/10.1017/sjp.2015.85,yes,"LNJ, ND",Martínez et al. (2015),NA,D,constrained_production,between,Spanish,Spanish,SZ,HC,45,35,32,22,13,13,39.49,35.340000000000003,10.89,10.48,10.4,11.6571,"2,63197
 
",3.3426200000000001,124.12,83.85,43.15,15.65,intensity,db,71.08,73.79,1.5,1.4
McGilloway2003,McGilloway et al. (2003),"McGilloway, S., Cooper, S. J., & Douglas-Cowie, E. (2003). Can patients with chronic schizophrenia express emotion? A speech analysis. Schizophrenia research, 64(2-3), 189.",Can patients with chronic schizophrenia express emotion? A speech analysis.,"McGilloway, S., Cooper, S. J., & Douglas-Cowie, E.",2003,https://doi.org/10.1016/S0920-9964(03)00012-4,yes,"LNJ, ND",McGilloway et al. (2003),NA,I,constrained_production,between,English,Irish English,SZ,HC,72,40,38,20,34,20,46,46,13.79,13.52,NR,NR,NR,NR,NA,NA,NA,NA,intensity,db,63.1775,63.365,NA,NA
Pinheiro2017,Pinheiro et al. (2017),"Pinheiro, A. P., Rezaii, N., Rauber, A., Nestor, P. G., Spencer, K. M., & Niznikiewicz, M. (2017). Emotional self–other voice processing in schizophrenia and its relationship with hallucinations: ERP evidence. Psychophysiology, 54(9), 1252-1265.",Emotional self-other voice processing in schizophrenia and its relationship with hallucinations: ERP evidence.,"Pinheiro AP, Rezaii N, Rauber A, Nestor PG, Spencer KM, Niznikiewicz M.",2017,https://doi.org/10.1111/psyp.12880,yes,"LNJ, ND",Pinheiro et al. (2017),NA,V,constrained_production,between,English,American English,SZ,HC,15,16,11,11,4,5,47.4,48.63,8.48,5.08,13.86,15.31,2.35,1.74,NA,NA,NA,NA,intensity,db,74.5266666666667,74.5933333333333,2.75666666666667,9.14
Martinez2015,Martinez et al. (2015),"Martínez, A., Felizzola Donado, C. A., & Matallana Eslava, D. L. (2015). Spontaneous speech prosody and discourse analysis in schizophrenia and Fronto Temporal Dementia (FTD) patients. Revista colombiana de psiquiatria, 44(1), 13-19.","Spontaneous speech prosody and discourse analysis in schizophrenia and Fronto Temporal Dementia (FTD) patients. colombiana de psiquiatria, 44(1), 13-19.","Martínez, A., Felizzola Donado, C. A., & Matallana Eslava, D. L.",2015,http://dx.doi.org/10.1016/j.rcp.2015.01.003.,yes,"LNJ, ND",Martinez et al. (2015),NA,AJ,free_monological_production,between,Spanish,Spanish,SZ,HC,6,NA,NR,NR,NR,NR,NR,NR,NR,NR,NR,NR,NR,NR,NA,NA,NA,NA,intensity,NA,65.5383333333333,NA,6.58877353281069,NA
Alpert2002,Alpert et al. (2002),"Alpert, M., Shaw, R. J., Pouget, E. R., & Lim, K. O. (2002). A comparison of clinical ratings with vocal acoustic measures of flat affect and alogia. Journal of Psychiatric Research, 36(5), 347-353.",A comparison of clinical ratings with vocal acoustic measures of flat affect and alogia.,"Alpert, M., Shaw, R. J., Pouget, E. R., & Lim, K. O.",2002,https://doi.org/10.1016/S0022-3956(02)00016-X,yes,"LNJ, ND",Alpert et al. (2002),NA,E,social_interaction,between,English,American English,SZ,HC,30,NA,30,NA,0,NA,42,NA,9,NA,NR,NA,NR,NA,NA,NA,NA,NA,intensity_variability,amplitude variance in db,18.9,NA,5.34,NA
Cohen2017,Cohen et al. (2017),"Cohen, A. S., Mitchell, K. R., Strauss, G. P., Blanchard, J. J., Buchanan, R. W., Kelly, D. L., ... & Carpenter, W. T. (2017). The effects of oxytocin and galantamine on objectively-defined vocal and facial expression: Data from the CIDAR study. Schizophrenia research, 188, 141.","The effects of oxytocin and galantamine on
objectively-defined vocal and facial expression: Data from the CIDAR study.
","Cohen, A. S., Mitchell, K. R., Strauss, G. P., Blanchard, J. J., Buchanan, R. W., Kelly, D. L., ... & Carpenter, W. T.",2017,https://doi.org/10.1016/j.schres.2017.01.028,yes,"LNJ, ND",Cohen et al. (2017),NA,L,social_interaction,between,English,American English,SZ,HC,40,NA,NA,NA,NA,NA,NA,NA,NA,NA,NA,NA,NA,NA,NA,NA,NA,NA,intensity_variability,"standard deviation of the
volume computed within an utterance, then averaged across utterances",4.39333333333333,NA,3.32333333333333,NA
Cohen2012,Cohen et al. (2012),"Cohen, A. S., Najolia, G. M., Kim, Y., & Dinzeo, T. J. (2012). On the boundaries of blunt affect/alogia across severe mental illness: implications for Research Domain Criteria. Schizophrenia research, 140(1-3), 41-45.",On the boundaries of blunt affect/alogia across severe mental illness: implications for Research Domain Criteria.,"Cohen, A. S., Najolia, G. M., Kim, Y., & Dinzeo, T. J.",2012,https://doi.org/10.1016/j.schres.2012.07.001,yes,"LNJ, ND",Cohen et al. (2012),NA,N,free_monological_production,between,English,American English,SZ,HC,26,NA,16,NA,10,NA,39.869999999999997,NA,9.9600000000000009,NA,NR,NA,NR,NA,360,NA,NA,NA,intensity_variability,standard deviation of the sd of intensity,1.385,NA,0.303333333333333,NA
Alpert2000,Alpert et al. (2000),"Alpert, M., Rosenberg, S. D., Pouget, E. R., & Shaw, R. J. (2000). Prosody and lexical accuracy in flat affect schizophrenia. Psychiatry research, 97(2-3), 107-118.",Prosody and lexical accuracy in flat affect schizophrenia.,"Alpert, M., Rosenberg, S. D., Pouget, E. R., & Shaw, R. J.",2000,https://doi.org/10.1016/S0165-1781(00)00231-6,yes,"LNJ, ND",Alpert et al. (2000),NA,P,social_interaction,between,English,American English,SZ,HC,46,20,46,20,0,0,40.986956521739131,41.1,9.4013043478260876,13.58,12.708695652173912,13.1,2.2913043478260868,1.89,300,300,NA,NA,intensity_variability,variance of voice level_db,16.9782608695652,14.8,5.61826086956522,7.6
Alpert1977,Alpert et al. (1977),"Alpert, M., & Anderson, L. T. (1977). Imagery mediation of vocal emphasis in flat affect. Archives of General Psychiatry, 34(2), 208-212.",Imagery mediation of vocal emphasis in flat affect.,"Alpert, M., & Anderson, L. T.",1977,https://doi.org/10.1001/archpsyc.1977.01770140098011,yes,"LNJ, ND",Alpert et al. (1977),NA,Q,constrained_production,between,English,American English,SZ,HC,30,NA,14,NA,16,NA,35.200000000000003,NA,NA,NA,NA,NA,NA,NA,NA,NA,NA,NA,intensity_variability,log of amplitude variance,1.70569972531444,NA,NA,NA
Kliper2015,Kliper et al. (2015),"Kliper, R., Portuguese, S., & Weinshall, D. (2015, September). Prosodic analysis of speech and the underlying mental state. In International Symposium on Pervasive Computing Paradigms for Mental Health (pp. 52-62). Springer, Cham.",Prosodic Analysis of Speech and the Underlying Mental State.,"Kliper, R., Portuguese, S., & Weinshall, D.",2015,https://doi.org/10.1007/978-3-319-32270-4_6,NA,"LNJ, ND",Kliper et al. (2015),NA,AO,social_interaction,between,English,American English,SZ,HC,22,20,13,10,9,10,NA,NA,NA,NA,NA,NA,NA,NA,"57,13 minutes","48,46 minutes",NA,NA,intensity_variability,NA,0.77,0.74,0.01,0.01
Meaux2018,Meaux et al. (2018),"Meaux, L. T., Mitchell, K. R., & Cohen, A. S. (2018). Blunted vocal affect and expression is not associated with schizophrenia: A computerized acoustic analysis of speech under ambiguous conditions. Comprehensive Psychiatry, 83, 84-88.",Blunted vocal affect and expression is not associated with schizophrenia: A computerized acoustic analysis of speech under ambiguous conditions,"Meaux, L. T., Mitchell, K. R., & Cohen, A. S.",2018,https://doi.org/10.1016/j.comppsych.2018.03.009,yes,"LNJ, ND",Meaux et al. (2018),perceptual,AQ,free_monological_production,between,English,American English,SZ,HC,36,25,23,15,13,10,39.75,31.29,9.99,12.42,15,14.36,2.19,2.14,NA,NA,NA,NA,intensity_variability,NA,1.01,0.99,0.32,0.4
Meaux2018,Meaux et al. (2018),"Meaux, L. T., Mitchell, K. R., & Cohen, A. S. (2018). Blunted vocal affect and expression is not associated with schizophrenia: A computerized acoustic analysis of speech under ambiguous conditions. Comprehensive Psychiatry, 83, 84-88.",Blunted vocal affect and expression is not associated with schizophrenia: A computerized acoustic analysis of speech under ambiguous conditions,"Meaux, L. T., Mitchell, K. R., & Cohen, A. S.",2018,https://doi.org/10.1016/j.comppsych.2018.03.009,yes,"LNJ, ND",Meaux et al. (2018).1,memory,AQ,free_monological_production,between,English,American English,SZ,HC,36,25,23,15,13,10,39.75,31.29,9.99,12.42,15,14.36,2.19,2.14,NA,NA,NA,NA,intensity_variability,NA,1,0.98,0.23,0.35
Zhang2016,Zhang et al. (2016),"Zhang, J., Zhongde, P. A. N., Chao, G. U. I., Jie, Z. H. U., & Donghong, C. U. I. (2016). Clinical investigation of speech signal features among patients with schizophrenia. Shanghai archives of psychiatry, 28(2), 95.",Clinical investigation of speech signal features among patients with schizophrenia,"Zhang J, Pan Z, Gui C, Zhu J, Cui D.",2016,https://doi.org/10.11919/j.issn.1002-0829.216025,NA,"LNJ, ND",Zhang et al. (2016),NA,B,social_interaction,between,Chinese,Chinese,SZ,HC,26,30,16,16,10,14,43.3,37,10.9,14.3,9.5,11.6,3,2.5,NA,NA,NA,NA,intensity_variability_entropy,db_formant_amplitude (MEAN between (t1_t2),0.0425,0.041,0.0045,0.009
